<data><marketplaceId>ATVPDKIKX0DER</marketplaceId><quantity>1</quantity><orderId>114-5247093-7601019</orderId><merchantId>A1CIC4I1BRMOQY</merchantId><customizationData><children><children><children><children><name/><label>Image 1</label><type>ImageCustomization</type></children><name>Image 1</name><label>Image 1</label><position><x>16</x><y>52</y></position><type>PlacementContainerCustomization</type><dimension><width>367</width><height>278</height></dimension></children><children><children><name/><label>Image 2</label><type>ImageCustomization</type></children><name>Image 2</name><label>Image 2</label><position><x>16</x><y>52</y></position><type>PlacementContainerCustomization</type><dimension><width>367</width><height>275</height></dimension></children><children><children><name/><label>Image 3</label><type>ImageCustomization</type></children><name>Image 3</name><label>Image 3</label><position><x>16</x><y>51</y></position><type>PlacementContainerCustomization</type><dimension><width>367</width><height>278</height></dimension></children><children><children><name/><label>Image 4</label><type>ImageCustomization</type></children><name>Image 4</name><label>Image 4</label><position><x>16</x><y>50</y></position><type>PlacementContainerCustomization</type><dimension><width>368</width><height>276</height></dimension></children><children><children><name/><label>Image 5</label><type>ImageCustomization</type></children><name>Image 5</name><label>Image 5</label><position><x>17</x><y>50</y></position><type>PlacementContainerCustomization</type><dimension><width>367</width><height>277</height></dimension></children><children><children><name/><label>Text 1</label><type>FontCustomization</type><fontSelection><family>Roboto</family></fontSelection></children><children><colorSelection><name>Black</name><colorModel>rgb</colorModel><value>#000000</value></colorSelection><name/><label>Text Colors</label><type>ColorCustomization</type></children><children><children><children><name/><inputValue>ATTENTION 
Stay at top of driveway.
Stay in vehicle. </inputValue><label>Text 1</label><type>TextCustomization</type></children><name>Text Input 1</name><label>Text Input 1</label><position><x>17</x><y>51</y></position><type>PlacementContainerCustomization</type><dimension><width>365</width><height>275</height></dimension><buyerPlacement><scale><scaleX>0.1271433111111615</scaleX><scaleY>0.12714331111116148</scaleY></scale><position><x>37.689962779434666</x><y>51.00000000000001</y></position><dimension><width>2640.411931818182</width><height>963.4790909090907</height></dimension><angleOfRotation>0.5231116815371878</angleOfRotation></buyerPlacement></children><children><children><name/><inputValue>Call or text for availability. 
8434460502</inputValue><label>Text 2</label><type>TextCustomization</type></children><name>Text Input 2</name><label>Text Input 2</label><position><x>18</x><y>53</y></position><type>PlacementContainerCustomization</type><dimension><width>364</width><height>275</height></dimension><buyerPlacement><scale><scaleX>0.1201787198016647</scaleX><scaleY>0.12017871980166467</scaleY></scale><position><x>20.518632655723934</x><y>174.32809952626047</y></position><dimension><width>2991.405140269887</width><height>626.8418181818181</height></dimension><angleOfRotation>0.5801066780557846</angleOfRotation></buyerPlacement></children><children><children><name/><inputValue>Will respond asap. 
Thank you.</inputValue><label>Text 3</label><type>TextCustomization</type></children><name>Text Input 3</name><label>Text Input 3</label><position><x>14</x><y>52</y></position><type>PlacementContainerCustomization</type><dimension><width>366</width><height>274</height></dimension><buyerPlacement><scale><scaleX>0.1258216168649776</scaleX><scaleY>0.12582161686497756</scaleY></scale><position><x>55.49846374832535</x><y>246.16219376475104</y></position><dimension><width>2151.277263042355</width><height>624.5623933884297</height></dimension><angleOfRotation>0.17717851099658324</angleOfRotation></buyerPlacement></children><children><children><name/><inputValue/><label>Text 4</label><type>TextCustomization</type></children><name>Text Input 4</name><label>Text Input 4</label><position><x>16</x><y>52</y></position><type>PlacementContainerCustomization</type><dimension><width>366</width><height>276</height></dimension></children><type>ContainerCustomization</type></children><name>Text 1</name><label>Text 1</label><type>ContainerCustomization</type></children><children><displayValue>No thanks (2 signs, $13.48/ea)</displayValue><name>Option Dropdown 1</name><label>Add more signs?</label><type>OptionCustomization</type><optionSelection><name>No thanks (2 signs, $13.48/ea)</name><label>No thanks (2 signs, $13.48/ea)</label><thumbnailImage><imageUrl>https://m.media-amazon.com/images/S/gestalt-seller-images-prod-us-east-1/ATVPDKIKX0DER/A1CIC4I1BRMOQY/e5d96fd8-a893-4844-b1b8-2a873f485cff.jpg</imageUrl><dimension><width>1440</width><height>1440</height></dimension></thumbnailImage><additionalCost><amount>0</amount></additionalCost></optionSelection></children><children><name>Data 1</name><inputValue>Please make writing as large as possible and straight thank you </inputValue><label>Leave a message to us.</label><type>TextCustomization</type></children><type>FlatContainerCustomization</type></children><svg>370f3b0a-254c-9e72-16ab-cca29a88f635.svg</svg><name>Surface 1</name><baseImage><imageUrl>https://m.media-amazon.com/images/S/gestalt-seller-images-prod-us-east-1/ATVPDKIKX0DER/A1CIC4I1BRMOQY/ba620fc3-3094-4ead-8b7a-a192c0f6afd6.png</imageUrl><dimension><width>400</width><height>400</height></dimension></baseImage><label>Surface 1</label><type>PreviewContainerCustomization</type><snapshot><imageName>4269dbe2-99ce-4f21-c096-729e09fa539e.jpg</imageName><dimension><width>400</width><height>400</height></dimension></snapshot></children><type>PageContainerCustomization</type></customizationData><version3.0><customizationInfo><surfaces><name>Surface 1</name><areas><Position><x>16</x><y>52</y></Position><svgImage>370f3b0a-254c-9e72-16ab-cca29a88f635.svg</svgImage><name>Image 1</name><Dimensions><width>367</width><height>278</height></Dimensions><customizationType>ImagePrinting</customizationType></areas><areas><Position><x>16</x><y>52</y></Position><svgImage>370f3b0a-254c-9e72-16ab-cca29a88f635.svg</svgImage><name>Image 2</name><Dimensions><width>367</width><height>275</height></Dimensions><customizationType>ImagePrinting</customizationType></areas><areas><Position><x>16</x><y>51</y></Position><svgImage>370f3b0a-254c-9e72-16ab-cca29a88f635.svg</svgImage><name>Image 3</name><Dimensions><width>367</width><height>278</height></Dimensions><customizationType>ImagePrinting</customizationType></areas><areas><Position><x>16</x><y>50</y></Position><svgImage>370f3b0a-254c-9e72-16ab-cca29a88f635.svg</svgImage><name>Image 4</name><Dimensions><width>368</width><height>276</height></Dimensions><customizationType>ImagePrinting</customizationType></areas><areas><Position><x>17</x><y>50</y></Position><svgImage>370f3b0a-254c-9e72-16ab-cca29a88f635.svg</svgImage><name>Image 5</name><Dimensions><width>367</width><height>277</height></Dimensions><customizationType>ImagePrinting</customizationType></areas><areas><Position><x>17</x><y>51</y></Position><svgImage>370f3b0a-254c-9e72-16ab-cca29a88f635.svg</svgImage><name>Text Input 1</name><Dimensions><width>365</width><height>275</height></Dimensions><customizationType>ImagePrinting</customizationType></areas><areas><Position><x>18</x><y>53</y></Position><svgImage>370f3b0a-254c-9e72-16ab-cca29a88f635.svg</svgImage><name>Text Input 2</name><Dimensions><width>364</width><height>275</height></Dimensions><customizationType>ImagePrinting</customizationType></areas><areas><Position><x>14</x><y>52</y></Position><svgImage>370f3b0a-254c-9e72-16ab-cca29a88f635.svg</svgImage><name>Text Input 3</name><Dimensions><width>366</width><height>274</height></Dimensions><customizationType>ImagePrinting</customizationType></areas><areas><colorName>Black</colorName><fontFamily>Roboto</fontFamily><Position><x>16</x><y>52</y></Position><name>Text Input 4</name><Dimensions><width>366</width><height>276</height></Dimensions><label>Text 4</label><text/><fill>#000000</fill><customizationType>TextPrinting</customizationType></areas><areas><optionValue>No thanks (2 signs, $13.48/ea)</optionValue><name>Option Dropdown 1</name><priceDelta><value>0.0</value></priceDelta><label>Add more signs?</label><customizationType>Options</customizationType><optionImage/></areas><areas><name>Data 1</name><label>Leave a message to us.</label><text>Please make writing as large as possible and straight thank you </text><customizationType>TextPrinting</customizationType></areas></surfaces></customizationInfo></version3.0><orderItemId>75638978755921</orderItemId><asin>B0BCP337TV</asin><title>Two Pack Custom + Personalized 18x24&quot; Horizontal Yard Sign (Outdoor, Weatherproof Corrugated Plastic) Metal Stake Included, by Legit Fast Printing</title><legacyOrderItemId>null</legacyOrderItemId></data>