<data><marketplaceId>ATVPDKIKX0DER</marketplaceId><quantity>1</quantity><orderId>113-0120333-7667437</orderId><merchantId>A2CD880XWTZB7</merchantId><customizationData><children><children><children><displayValue>null</displayValue><name>Landscape Sign Background Color</name><label>Landscape Sign Background Color</label><type>OptionCustomization</type><optionSelection/></children><children><children><label>Image</label><type>ImageCustomization</type></children><name>Customization 1</name><position><x>25</x><y>32</y></position><type>PlacementContainerCustomization</type><dimension><width>353</width><height>265</height></dimension></children><children><children><label>Choose Font Type</label><type>FontCustomization</type><fontSelection><family>Anton</family></fontSelection></children><children><colorSelection><name>Black</name><colorModel>rgb</colorModel><value>#000000</value></colorSelection><label>Choose Font Color</label><type>ColorCustomization</type></children><children><children><children><inputValue/><label>Custom Text Input 1</label><type>TextCustomization</type></children><name>Customization 1</name><position><x>24</x><y>31</y></position><type>PlacementContainerCustomization</type><dimension><width>353</width><height>265</height></dimension></children><children><children><inputValue/><label>Custom Text Input 2</label><type>TextCustomization</type></children><name>Text Input 2</name><label>Text Input 2</label><position><x>24</x><y>31</y></position><type>PlacementContainerCustomization</type><dimension><width>353</width><height>264</height></dimension></children><type>ContainerCustomization</type></children><name>Text Input</name><type>ContainerCustomization</type></children><children><children><name/><label>Choose Font Type</label><type>FontCustomization</type><fontSelection><family>Anton</family></fontSelection></children><children><colorSelection><name>Black</name><colorModel>rgb</colorModel><value>#000000</value></colorSelection><name/><label>Choose Font Color</label><type>ColorCustomization</type></children><children><children><children><name/><inputValue/><label>Custom Text Input 3</label><type>TextCustomization</type></children><name>Text Input 1</name><label>Text Input 1</label><position><x>24</x><y>31</y></position><type>PlacementContainerCustomization</type><dimension><width>353</width><height>264</height></dimension></children><children><children><name/><inputValue/><label>Custom Text Input 4</label><type>TextCustomization</type></children><name>Text Input 2</name><label>Text Input 2</label><position><x>24</x><y>31</y></position><type>PlacementContainerCustomization</type><dimension><width>353</width><height>264</height></dimension></children><type>ContainerCustomization</type></children><name>Text 2</name><label>Text 2</label><type>ContainerCustomization</type></children><children><displayValue>null</displayValue><name>Add more Signs?</name><label>Add more signs?</label><type>OptionCustomization</type><optionSelection/></children><type>FlatContainerCustomization</type></children><svg>0c1139b8-5667-36ef-2aa3-481c3e923e42.svg</svg><name>Landscape Sign</name><baseImage><imageUrl>https://m.media-amazon.com/images/S/gestalt-seller-images-prod-us-east-1/ATVPDKIKX0DER/A2CD880XWTZB7/76a584ad-57b5-4e20-b085-02eccbe51e66.jpg</imageUrl><dimension><width>400</width><height>400</height></dimension></baseImage><label>Landscape Sign</label><type>PreviewContainerCustomization</type><snapshot><imageName>cb1a3dc4-a645-f932-6422-04efc6ae25f4.jpg</imageName><dimension><width>400</width><height>400</height></dimension></snapshot></children><children><children><children><displayValue>White Portrait</displayValue><name>Portrait Sign Background Color</name><label>Portrait Sign Background Color</label><type>OptionCustomization</type><optionSelection><name>White Portrait</name><overlayImage><imageUrl>https://m.media-amazon.com/images/S/gestalt-seller-images-prod-us-east-1/ATVPDKIKX0DER/A2CD880XWTZB7/4fc742c0-f087-4231-bcd9-3e723b9f932f.jpg</imageUrl><dimension><width>400</width><height>400</height></dimension></overlayImage><label>White Portrait</label><thumbnailImage><imageUrl>https://m.media-amazon.com/images/S/gestalt-seller-images-prod-us-east-1/ATVPDKIKX0DER/A2CD880XWTZB7/56505790-99f3-4514-8796-a5b15ed11ee0.jpg</imageUrl><dimension><width>400</width><height>400</height></dimension></thumbnailImage><additionalCost><amount>0</amount></additionalCost></optionSelection></children><children><children><image><imageName>395156a6-10e8-4746-946c-50c2aa7ee50b.jpg</imageName><buyerFilename>Scrubish Logo.jpg</buyerFilename></image><name/><label>Image Upload</label><type>ImageCustomization</type></children><name>Image 1</name><label>Image 1</label><position><x>90</x><y>12</y></position><type>PlacementContainerCustomization</type><dimension><width>230</width><height>305</height></dimension><buyerPlacement><scale><scaleX>0.06552706552706553</scaleX><scaleY>0.06552706552706553</scaleY></scale><position><x>88.91891891891899</x><y>49.63463463463465</y></position><dimension><width>3510</width><height>2483</height></dimension><angleOfRotation>0</angleOfRotation></buyerPlacement></children><children><children><name/><label>Choose Font Type</label><type>FontCustomization</type><fontSelection><family>Allura</family></fontSelection></children><children><colorSelection><name>Black</name><colorModel>rgb</colorModel><value>#000000</value></colorSelection><name/><label>Choose Font Color</label><type>ColorCustomization</type></children><children><children><children><name/><inputValue>scrubs and etc</inputValue><label>Custom Text 1</label><type>TextCustomization</type></children><name>Text Input 1</name><label>Text Input 1</label><position><x>90</x><y>12</y></position><type>PlacementContainerCustomization</type><dimension><width>230</width><height>305</height></dimension><buyerPlacement><scale><scaleX>0.12416330291172108</scaleX><scaleY>0.12416330291172108</scaleY></scale><position><x>131.48760322776647</x><y>163.09664978963156</y></position><dimension><width>1182.124375694164</width><height>284.2733576642336</height></dimension><angleOfRotation>0</angleOfRotation></buyerPlacement></children><children><children><name/><inputValue/><label>Custom Text 2</label><type>TextCustomization</type></children><name>Text Input 2</name><label>Text Input 2</label><position><x>90</x><y>12</y></position><type>PlacementContainerCustomization</type><dimension><width>230</width><height>305</height></dimension></children><type>ContainerCustomization</type></children><name>Text 1</name><label>Text 1</label><type>ContainerCustomization</type></children><children><children><name/><label>Choose Font Type</label><type>FontCustomization</type><fontSelection><family>Anton</family></fontSelection></children><children><colorSelection><name>Black</name><colorModel>rgb</colorModel><value>#000000</value></colorSelection><name/><label>Choose Font Color</label><type>ColorCustomization</type></children><children><children><children><name/><inputValue/><label>Custom Text 3</label><type>TextCustomization</type></children><name>Text Input 1</name><label>Text Input 1</label><position><x>90</x><y>12</y></position><type>PlacementContainerCustomization</type><dimension><width>230</width><height>305</height></dimension></children><children><children><name/><inputValue/><label>Custom Text 4</label><type>TextCustomization</type></children><name>Text Input 2</name><label>Text Input 2</label><position><x>90</x><y>12</y></position><type>PlacementContainerCustomization</type><dimension><width>230</width><height>305</height></dimension></children><type>ContainerCustomization</type></children><name>Text 2</name><label>Text 2</label><type>ContainerCustomization</type></children><children><displayValue>5 Total Signs ($11.78 ea)</displayValue><name>Add more Signs?</name><label>Add more signs?</label><type>OptionCustomization</type><optionSelection><name>5 Total Signs ($11.78 ea)</name><label>5 Total Signs ($11.78 ea)</label><thumbnailImage><imageUrl>https://m.media-amazon.com/images/S/gestalt-seller-images-prod-us-east-1/ATVPDKIKX0DER/A2CD880XWTZB7/415a5268-8940-420d-b14f-a5e6d6172edf.jpg</imageUrl><dimension><width>576</width><height>576</height></dimension></thumbnailImage><additionalCost><amount>33.8</amount></additionalCost></optionSelection></children><type>FlatContainerCustomization</type></children><svg>34680c88-bdef-5286-417e-139d4c2ab82b.svg</svg><name>Portrait Sign</name><baseImage><imageUrl>https://m.media-amazon.com/images/S/gestalt-seller-images-prod-us-east-1/ATVPDKIKX0DER/A2CD880XWTZB7/373bbafb-c037-4c1f-b581-691d7e3defa9.jpg</imageUrl><dimension><width>400</width><height>400</height></dimension></baseImage><label>Portrait Sign</label><type>PreviewContainerCustomization</type><snapshot><imageName>aaf5deb4-cc02-c498-3ac8-6c2e180f6f5a.jpg</imageName><dimension><width>400</width><height>400</height></dimension></snapshot></children><type>PageContainerCustomization</type></customizationData><version3.0><customizationInfo><surfaces><name>Landscape Sign</name><areas><optionValue/><name>Landscape Sign Background Color</name><label>Landscape Sign Background Color</label><customizationType>Options</customizationType></areas><areas><Position><x>25</x><y>32</y></Position><svgImage>0c1139b8-5667-36ef-2aa3-481c3e923e42.svg</svgImage><name>Customization 1</name><Dimensions><width>353</width><height>265</height></Dimensions><customizationType>ImagePrinting</customizationType></areas><areas><colorName>Black</colorName><fontFamily>Anton</fontFamily><Position><x>24</x><y>31</y></Position><name>Customization 1</name><Dimensions><width>353</width><height>265</height></Dimensions><label>Custom Text Input 1</label><text/><fill>#000000</fill><customizationType>TextPrinting</customizationType></areas><areas><colorName>Black</colorName><fontFamily>Anton</fontFamily><Position><x>24</x><y>31</y></Position><name>Text Input 2</name><Dimensions><width>353</width><height>264</height></Dimensions><label>Custom Text Input 2</label><text/><fill>#000000</fill><customizationType>TextPrinting</customizationType></areas><areas><colorName>Black</colorName><fontFamily>Anton</fontFamily><Position><x>24</x><y>31</y></Position><name>Text Input 1</name><Dimensions><width>353</width><height>264</height></Dimensions><label>Custom Text Input 3</label><text/><fill>#000000</fill><customizationType>TextPrinting</customizationType></areas><areas><colorName>Black</colorName><fontFamily>Anton</fontFamily><Position><x>24</x><y>31</y></Position><name>Text Input 2</name><Dimensions><width>353</width><height>264</height></Dimensions><label>Custom Text Input 4</label><text/><fill>#000000</fill><customizationType>TextPrinting</customizationType></areas><areas><optionValue/><name>Add more Signs?</name><label>Add more signs?</label><customizationType>Options</customizationType></areas></surfaces><surfaces><name>Portrait Sign</name><areas><optionValue>White Portrait</optionValue><name>Portrait Sign Background Color</name><priceDelta><value>0.0</value></priceDelta><label>Portrait Sign Background Color</label><customizationType>Options</customizationType><optionImage>https://m.media-amazon.com/images/S/gestalt-seller-images-prod-us-east-1/ATVPDKIKX0DER/A2CD880XWTZB7/4fc742c0-f087-4231-bcd9-3e723b9f932f.jpg</optionImage></areas><areas><Position><x>90</x><y>12</y></Position><svgImage>34680c88-bdef-5286-417e-139d4c2ab82b.svg</svgImage><name>Image 1</name><Dimensions><width>230</width><height>305</height></Dimensions><customizationType>ImagePrinting</customizationType></areas><areas><Position><x>90</x><y>12</y></Position><svgImage>34680c88-bdef-5286-417e-139d4c2ab82b.svg</svgImage><name>Text Input 1</name><Dimensions><width>230</width><height>305</height></Dimensions><customizationType>ImagePrinting</customizationType></areas><areas><colorName>Black</colorName><fontFamily>Allura</fontFamily><Position><x>90</x><y>12</y></Position><name>Text Input 2</name><Dimensions><width>230</width><height>305</height></Dimensions><label>Custom Text 2</label><text/><fill>#000000</fill><customizationType>TextPrinting</customizationType></areas><areas><colorName>Black</colorName><fontFamily>Anton</fontFamily><Position><x>90</x><y>12</y></Position><name>Text Input 1</name><Dimensions><width>230</width><height>305</height></Dimensions><label>Custom Text 3</label><text/><fill>#000000</fill><customizationType>TextPrinting</customizationType></areas><areas><colorName>Black</colorName><fontFamily>Anton</fontFamily><Position><x>90</x><y>12</y></Position><name>Text Input 2</name><Dimensions><width>230</width><height>305</height></Dimensions><label>Custom Text 4</label><text/><fill>#000000</fill><customizationType>TextPrinting</customizationType></areas><areas><optionValue>5 Total Signs ($11.78 ea)</optionValue><name>Add more Signs?</name><priceDelta><value>33.8</value></priceDelta><label>Add more signs?</label><customizationType>Options</customizationType><optionImage/></areas></surfaces></customizationInfo></version3.0><orderItemId>74487397579961</orderItemId><asin>B07X7KK9CH</asin><title>Personalize Custom Yard Sign 24&quot; x 18&quot;, Metal H-Stake Included</title><legacyOrderItemId>null</legacyOrderItemId></data>