<data><marketplaceId>ATVPDKIKX0DER</marketplaceId><quantity>2</quantity><orderId>114-7194385-4566614</orderId><merchantId>A2CD880XWTZB7</merchantId><customizationData><children><children><children><displayValue>White Landscape</displayValue><name>Landscape Sign Background Color</name><label>Landscape Sign Background Color</label><type>OptionCustomization</type><optionSelection><name>White Landscape</name><overlayImage><imageUrl>https://m.media-amazon.com/images/S/gestalt-seller-images-prod-us-east-1/ATVPDKIKX0DER/A2CD880XWTZB7/fb5d0f80-6a39-4114-a06a-e6c1eec5563c.jpg</imageUrl><dimension><width>400</width><height>400</height></dimension></overlayImage><label>White Landscape</label><thumbnailImage><imageUrl>https://m.media-amazon.com/images/S/gestalt-seller-images-prod-us-east-1/ATVPDKIKX0DER/A2CD880XWTZB7/a9a485f4-260b-4951-bfaf-e48e454317d5.jpg</imageUrl><dimension><width>400</width><height>400</height></dimension></thumbnailImage><additionalCost><amount>0</amount></additionalCost></optionSelection></children><children><children><image><imageName>456c6d99-cfdf-4751-b8c0-d05e1298710f.jpg</imageName><buyerFilename>260B3C8E-D40B-449B-8FA2-616BF26933B4.jpeg</buyerFilename></image><label>Image</label><type>ImageCustomization</type></children><name>Customization 1</name><position><x>25</x><y>32</y></position><type>PlacementContainerCustomization</type><dimension><width>353</width><height>265</height></dimension><buyerPlacement><scale><scaleX>0.509317941617796</scaleX><scaleY>0.5093179416177959</scaleY></scale><position><x>22.008518298452827</x><y>-163.37647369024813</y></position><dimension><width>720</width><height>1280</height></dimension><angleOfRotation>0.696575744882949</angleOfRotation></buyerPlacement></children><children><children><label>Choose Font Type</label><type>FontCustomization</type><fontSelection><family>Georgia</family></fontSelection></children><children><colorSelection><name>Yellow</name><colorModel>rgb</colorModel><value>#ffff00</value></colorSelection><label>Choose Font Color</label><type>ColorCustomization</type></children><children><children><children><inputValue>H. T. C. </inputValue><label>Custom Text Input 1</label><type>TextCustomization</type></children><name>Customization 1</name><position><x>24</x><y>31</y></position><type>PlacementContainerCustomization</type><dimension><width>353</width><height>265</height></dimension><buyerPlacement><scale><scaleX>0.3736038013693184</scaleX><scaleY>0.3736038013693184</scaleY></scale><position><x>26.075360630374234</x><y>31</y></position><dimension><width>939.4684315557065</width><height>294.2421739130434</height></dimension><angleOfRotation>1.0780828871648669</angleOfRotation></buyerPlacement></children><children><children><inputValue>Law care cervices</inputValue><label>Custom Text Input 2</label><type>TextCustomization</type></children><name>Text Input 2</name><label>Text Input 2</label><position><x>24</x><y>31</y></position><type>PlacementContainerCustomization</type><dimension><width>353</width><height>264</height></dimension><buyerPlacement><scale><scaleX>0.17057172081058056</scaleX><scaleY>0.17057172081058056</scaleY></scale><position><x>24</x><y>150.3090803367778</y></position><dimension><width>1993.4443614130432</width><height>293.1318260869565</height></dimension><angleOfRotation>0</angleOfRotation></buyerPlacement></children><type>ContainerCustomization</type></children><name>Text Input</name><type>ContainerCustomization</type></children><children><children><name/><label>Choose Font Type</label><type>FontCustomization</type><fontSelection><family>Verdana</family></fontSelection></children><children><colorSelection><name>Yellow</name><colorModel>rgb</colorModel><value>#ffff00</value></colorSelection><name/><label>Choose Font Color</label><type>ColorCustomization</type></children><children><children><children><name/><inputValue>919 426 8404</inputValue><label>Custom Text Input 3</label><type>TextCustomization</type></children><name>Text Input 1</name><label>Text Input 1</label><position><x>24</x><y>31</y></position><type>PlacementContainerCustomization</type><dimension><width>353</width><height>264</height></dimension><buyerPlacement><scale><scaleX>0.19430343848857434</scaleX><scaleY>0.19430343848857434</scaleY></scale><position><x>30.67493225028079</x><y>232.55073560469938</y></position><dimension><width>1607.8643845419854</width><height>257.329465648855</height></dimension><angleOfRotation>0</angleOfRotation></buyerPlacement></children><children><children><name/><inputValue/><label>Custom Text Input 4</label><type>TextCustomization</type></children><name>Text Input 2</name><label>Text Input 2</label><position><x>24</x><y>31</y></position><type>PlacementContainerCustomization</type><dimension><width>353</width><height>264</height></dimension></children><type>ContainerCustomization</type></children><name>Text 2</name><label>Text 2</label><type>ContainerCustomization</type></children><children><displayValue>null</displayValue><name>Add more Signs?</name><label>Add more signs?</label><type>OptionCustomization</type><optionSelection/></children><type>FlatContainerCustomization</type></children><svg>ef3949aa-4e60-797b-3f60-1108634c9a8e.svg</svg><name>Landscape Sign</name><baseImage><imageUrl>https://m.media-amazon.com/images/S/gestalt-seller-images-prod-us-east-1/ATVPDKIKX0DER/A2CD880XWTZB7/76a584ad-57b5-4e20-b085-02eccbe51e66.jpg</imageUrl><dimension><width>400</width><height>400</height></dimension></baseImage><label>Landscape Sign</label><type>PreviewContainerCustomization</type><snapshot><imageName>03916308-d695-d779-8f95-7f79f8a0a3cc.jpg</imageName><dimension><width>400</width><height>400</height></dimension></snapshot></children><children><children><children><displayValue>null</displayValue><name>Portrait Sign Background Color</name><label>Portrait Sign Background Color</label><type>OptionCustomization</type><optionSelection/></children><children><children><name/><label>Image Upload</label><type>ImageCustomization</type></children><name>Image 1</name><label>Image 1</label><position><x>90</x><y>12</y></position><type>PlacementContainerCustomization</type><dimension><width>230</width><height>305</height></dimension></children><children><children><name/><label>Choose Font Type</label><type>FontCustomization</type><fontSelection><family>Anton</family></fontSelection></children><children><colorSelection><name>Black</name><colorModel>rgb</colorModel><value>#000000</value></colorSelection><name/><label>Choose Font Color</label><type>ColorCustomization</type></children><children><children><children><name/><inputValue/><label>Custom Text 1</label><type>TextCustomization</type></children><name>Text Input 1</name><label>Text Input 1</label><position><x>90</x><y>12</y></position><type>PlacementContainerCustomization</type><dimension><width>230</width><height>305</height></dimension></children><children><children><name/><inputValue/><label>Custom Text 2</label><type>TextCustomization</type></children><name>Text Input 2</name><label>Text Input 2</label><position><x>90</x><y>12</y></position><type>PlacementContainerCustomization</type><dimension><width>230</width><height>305</height></dimension></children><type>ContainerCustomization</type></children><name>Text 1</name><label>Text 1</label><type>ContainerCustomization</type></children><children><children><name/><label>Choose Font Type</label><type>FontCustomization</type><fontSelection><family>Anton</family></fontSelection></children><children><colorSelection><name>Black</name><colorModel>rgb</colorModel><value>#000000</value></colorSelection><name/><label>Choose Font Color</label><type>ColorCustomization</type></children><children><children><children><name/><inputValue/><label>Custom Text 3</label><type>TextCustomization</type></children><name>Text Input 1</name><label>Text Input 1</label><position><x>90</x><y>12</y></position><type>PlacementContainerCustomization</type><dimension><width>230</width><height>305</height></dimension></children><children><children><name/><inputValue/><label>Custom Text 4</label><type>TextCustomization</type></children><name>Text Input 2</name><label>Text Input 2</label><position><x>90</x><y>12</y></position><type>PlacementContainerCustomization</type><dimension><width>230</width><height>305</height></dimension></children><type>ContainerCustomization</type></children><name>Text 2</name><label>Text 2</label><type>ContainerCustomization</type></children><children><displayValue>null</displayValue><name>Add more Signs?</name><label>Add more signs?</label><type>OptionCustomization</type><optionSelection/></children><type>FlatContainerCustomization</type></children><svg>31f44938-3b23-85a3-9999-767fe2faacb7.svg</svg><name>Portrait Sign</name><baseImage><imageUrl>https://m.media-amazon.com/images/S/gestalt-seller-images-prod-us-east-1/ATVPDKIKX0DER/A2CD880XWTZB7/373bbafb-c037-4c1f-b581-691d7e3defa9.jpg</imageUrl><dimension><width>400</width><height>400</height></dimension></baseImage><label>Portrait Sign</label><type>PreviewContainerCustomization</type><snapshot><imageName>9d3e5801-2d68-f74e-d1f3-c2794a3a9854.jpg</imageName><dimension><width>400</width><height>400</height></dimension></snapshot></children><type>PageContainerCustomization</type></customizationData><version3.0><customizationInfo><surfaces><name>Landscape Sign</name><areas><optionValue>White Landscape</optionValue><name>Landscape Sign Background Color</name><priceDelta><value>0.0</value></priceDelta><label>Landscape Sign Background Color</label><customizationType>Options</customizationType><optionImage>https://m.media-amazon.com/images/S/gestalt-seller-images-prod-us-east-1/ATVPDKIKX0DER/A2CD880XWTZB7/fb5d0f80-6a39-4114-a06a-e6c1eec5563c.jpg</optionImage></areas><areas><Position><x>25</x><y>32</y></Position><svgImage>ef3949aa-4e60-797b-3f60-1108634c9a8e.svg</svgImage><name>Customization 1</name><Dimensions><width>353</width><height>265</height></Dimensions><customizationType>ImagePrinting</customizationType></areas><areas><Position><x>24</x><y>31</y></Position><svgImage>ef3949aa-4e60-797b-3f60-1108634c9a8e.svg</svgImage><name>Customization 1</name><Dimensions><width>353</width><height>265</height></Dimensions><customizationType>ImagePrinting</customizationType></areas><areas><Position><x>24</x><y>31</y></Position><svgImage>ef3949aa-4e60-797b-3f60-1108634c9a8e.svg</svgImage><name>Text Input 2</name><Dimensions><width>353</width><height>264</height></Dimensions><customizationType>ImagePrinting</customizationType></areas><areas><Position><x>24</x><y>31</y></Position><svgImage>ef3949aa-4e60-797b-3f60-1108634c9a8e.svg</svgImage><name>Text Input 1</name><Dimensions><width>353</width><height>264</height></Dimensions><customizationType>ImagePrinting</customizationType></areas><areas><colorName>Yellow</colorName><fontFamily>Verdana</fontFamily><Position><x>24</x><y>31</y></Position><name>Text Input 2</name><Dimensions><width>353</width><height>264</height></Dimensions><label>Custom Text Input 4</label><text/><fill>#ffff00</fill><customizationType>TextPrinting</customizationType></areas><areas><optionValue/><name>Add more Signs?</name><label>Add more signs?</label><customizationType>Options</customizationType></areas></surfaces><surfaces><name>Portrait Sign</name><areas><optionValue/><name>Portrait Sign Background Color</name><label>Portrait Sign Background Color</label><customizationType>Options</customizationType></areas><areas><Position><x>90</x><y>12</y></Position><svgImage>31f44938-3b23-85a3-9999-767fe2faacb7.svg</svgImage><name>Image 1</name><Dimensions><width>230</width><height>305</height></Dimensions><customizationType>ImagePrinting</customizationType></areas><areas><colorName>Black</colorName><fontFamily>Anton</fontFamily><Position><x>90</x><y>12</y></Position><name>Text Input 1</name><Dimensions><width>230</width><height>305</height></Dimensions><label>Custom Text 1</label><text/><fill>#000000</fill><customizationType>TextPrinting</customizationType></areas><areas><colorName>Black</colorName><fontFamily>Anton</fontFamily><Position><x>90</x><y>12</y></Position><name>Text Input 2</name><Dimensions><width>230</width><height>305</height></Dimensions><label>Custom Text 2</label><text/><fill>#000000</fill><customizationType>TextPrinting</customizationType></areas><areas><colorName>Black</colorName><fontFamily>Anton</fontFamily><Position><x>90</x><y>12</y></Position><name>Text Input 1</name><Dimensions><width>230</width><height>305</height></Dimensions><label>Custom Text 3</label><text/><fill>#000000</fill><customizationType>TextPrinting</customizationType></areas><areas><colorName>Black</colorName><fontFamily>Anton</fontFamily><Position><x>90</x><y>12</y></Position><name>Text Input 2</name><Dimensions><width>230</width><height>305</height></Dimensions><label>Custom Text 4</label><text/><fill>#000000</fill><customizationType>TextPrinting</customizationType></areas><areas><optionValue/><name>Add more Signs?</name><label>Add more signs?</label><customizationType>Options</customizationType></areas></surfaces></customizationInfo></version3.0><orderItemId>74493186415681</orderItemId><asin>B07X7KK9CH</asin><title>Personalize Custom Yard Sign 24&quot; x 18&quot;, Metal H-Stake Included</title><legacyOrderItemId>null</legacyOrderItemId></data>