{
  "orderId" : "114-6454505-5868201",
  "orderItemId" : "75631083656961",
  "legacyOrderItemId" : null,
  "merchantId" : "A1CIC4I1BRMOQY",
  "marketplaceId" : "ATVPDKIKX0DER",
  "asin" : "B0BCP337TV",
  "title" : "Two Pack Custom + Personalized 18x24\" Horizontal Yard Sign (Outdoor, Weatherproof Corrugated Plastic) Metal Stake Included, by Legit Fast Printing",
  "quantity" : 1,
  "customizationData" : {
    "type" : "PageContainerCustomization",
    "children" : [ {
      "type" : "PreviewContainerCustomization",
      "name" : "Surface 1",
      "label" : "Surface 1",
      "children" : [ {
        "type" : "FlatContainerCustomization",
        "children" : [ {
          "type" : "PlacementContainerCustomization",
          "name" : "Image 1",
          "label" : "Image 1",
          "children" : [ {
            "type" : "ImageCustomization",
            "name" : "",
            "label" : "Image 1",
            "image" : {
              "imageName" : "6b7717cb-86c8-4fdd-a5a4-3cabc1121726.png",
              "buyerFilename" : "MAIN LOGO_use on white backgrounds.png"
            }
          } ],
          "dimension" : {
            "width" : 367,
            "height" : 278
          },
          "position" : {
            "x" : 16,
            "y" : 52
          },
          "buyerPlacement" : {
            "position" : {
              "x" : 111.49999999999994,
              "y" : 54.999999999999986
            },
            "dimension" : {
              "width" : 360,
              "height" : 184
            },
            "scale" : {
              "scaleX" : 0.4573471966911766,
              "scaleY" : 0.4573471966911766
            },
            "angleOfRotation" : 0
          }
        }, {
          "type" : "PlacementContainerCustomization",
          "name" : "Image 2",
          "label" : "Image 2",
          "children" : [ {
            "type" : "ImageCustomization",
            "name" : "",
            "label" : "Image 2",
            "image" : {
              "imageName" : "65a6c37b-c592-49f3-baa2-b164ed7e73dc.png",
              "buyerFilename" : "arrow 2.png"
            }
          } ],
          "dimension" : {
            "width" : 367,
            "height" : 275
          },
          "position" : {
            "x" : 16,
            "y" : 52
          },
          "buyerPlacement" : {
            "position" : {
              "x" : 181.8515625,
              "y" : 181.6484375
            },
            "dimension" : {
              "width" : 512,
              "height" : 512
            },
            "scale" : {
              "scaleX" : 0.3486328125,
              "scaleY" : 0.3486328125
            },
            "angleOfRotation" : 0
          }
        }, {
          "type" : "PlacementContainerCustomization",
          "name" : "Image 3",
          "label" : "Image 3",
          "children" : [ {
            "type" : "ImageCustomization",
            "name" : "",
            "label" : "Image 3",
            "image" : {
              "imageName" : "a72a3859-22d2-44ea-844e-1905b06727c0.jpg",
              "buyerFilename" : "istockphoto-1320619773-612x612.jpg"
            }
          } ],
          "dimension" : {
            "width" : 367,
            "height" : 278
          },
          "position" : {
            "x" : 16,
            "y" : 51
          },
          "buyerPlacement" : {
            "position" : {
              "x" : 328.5,
              "y" : 149.3984375
            },
            "dimension" : {
              "width" : 612,
              "height" : 612
            },
            "scale" : {
              "scaleX" : 0.08284186070261437,
              "scaleY" : 0.08284186070261437
            },
            "angleOfRotation" : 0
          }
        }, {
          "type" : "PlacementContainerCustomization",
          "name" : "Image 4",
          "label" : "Image 4",
          "children" : [ {
            "type" : "ImageCustomization",
            "name" : "",
            "label" : "Image 4"
          } ],
          "dimension" : {
            "width" : 368,
            "height" : 276
          },
          "position" : {
            "x" : 16,
            "y" : 50
          }
        }, {
          "type" : "PlacementContainerCustomization",
          "name" : "Image 5",
          "label" : "Image 5",
          "children" : [ {
            "type" : "ImageCustomization",
            "name" : "",
            "label" : "Image 5"
          } ],
          "dimension" : {
            "width" : 367,
            "height" : 277
          },
          "position" : {
            "x" : 17,
            "y" : 50
          }
        }, {
          "type" : "ContainerCustomization",
          "name" : "Text 1",
          "label" : "Text 1",
          "children" : [ {
            "type" : "FontCustomization",
            "name" : "",
            "label" : "Text 1",
            "fontSelection" : {
              "family" : "Roboto"
            }
          }, {
            "type" : "ColorCustomization",
            "name" : "",
            "label" : "Text Colors",
            "colorSelection" : {
              "name" : "Black",
              "value" : "#000000",
              "colorModel" : "rgb"
            }
          }, {
            "type" : "ContainerCustomization",
            "children" : [ {
              "type" : "PlacementContainerCustomization",
              "name" : "Text Input 1",
              "label" : "Text Input 1",
              "children" : [ {
                "type" : "TextCustomization",
                "name" : "",
                "label" : "Text 1",
                "inputValue" : "StoryWalk\n"
              } ],
              "dimension" : {
                "width" : 365,
                "height" : 275
              },
              "position" : {
                "x" : 17,
                "y" : 51
              },
              "buyerPlacement" : {
                "position" : {
                  "x" : 30,
                  "y" : 133.5334046484565
                },
                "dimension" : {
                  "width" : 1092.5999438668796,
                  "height" : 597.227244094488
                },
                "scale" : {
                  "scaleX" : 0.285512569198215,
                  "scaleY" : 0.285512569198215
                },
                "angleOfRotation" : 0
              }
            }, {
              "type" : "PlacementContainerCustomization",
              "name" : "Text Input 2",
              "label" : "Text Input 2",
              "children" : [ {
                "type" : "TextCustomization",
                "name" : "",
                "label" : "Text 2",
                "inputValue" : "@Crossroads Park"
              } ],
              "dimension" : {
                "width" : 364,
                "height" : 275
              },
              "position" : {
                "x" : 18,
                "y" : 53
              },
              "buyerPlacement" : {
                "position" : {
                  "x" : 39.68454730735357,
                  "y" : 214.40958215564683
                },
                "dimension" : {
                  "width" : 2021.9968780757872,
                  "height" : 276.4940944881889
                },
                "scale" : {
                  "scaleX" : 0.12204814524665579,
                  "scaleY" : 0.12204814524665579
                },
                "angleOfRotation" : 0
              }
            }, {
              "type" : "PlacementContainerCustomization",
              "name" : "Text Input 3",
              "label" : "Text Input 3",
              "children" : [ {
                "type" : "TextCustomization",
                "name" : "",
                "label" : "Text 3",
                "inputValue" : ""
              } ],
              "dimension" : {
                "width" : 366,
                "height" : 274
              },
              "position" : {
                "x" : 14,
                "y" : 52
              }
            }, {
              "type" : "PlacementContainerCustomization",
              "name" : "Text Input 4",
              "label" : "Text Input 4",
              "children" : [ {
                "type" : "TextCustomization",
                "name" : "",
                "label" : "Text 4",
                "inputValue" : ""
              } ],
              "dimension" : {
                "width" : 366,
                "height" : 276
              },
              "position" : {
                "x" : 16,
                "y" : 52
              }
            } ]
          } ]
        }, {
          "type" : "OptionCustomization",
          "name" : "Option Dropdown 1",
          "label" : "Add more signs?",
          "optionSelection" : {
            "name" : "No thanks (2 signs, $13.48/ea)",
            "label" : "No thanks (2 signs, $13.48/ea)",
            "additionalCost" : {
              "amount" : 0
            },
            "thumbnailImage" : {
              "imageUrl" : "https://m.media-amazon.com/images/S/gestalt-seller-images-prod-us-east-1/ATVPDKIKX0DER/A1CIC4I1BRMOQY/e5d96fd8-a893-4844-b1b8-2a873f485cff.jpg",
              "dimension" : {
                "width" : 1440,
                "height" : 1440
              }
            }
          },
          "displayValue" : "No thanks (2 signs, $13.48/ea)"
        }, {
          "type" : "TextCustomization",
          "name" : "Data 1",
          "label" : "Leave a message to us.",
          "inputValue" : ""
        } ]
      } ],
      "baseImage" : {
        "imageUrl" : "https://m.media-amazon.com/images/S/gestalt-seller-images-prod-us-east-1/ATVPDKIKX0DER/A1CIC4I1BRMOQY/ba620fc3-3094-4ead-8b7a-a192c0f6afd6.png",
        "dimension" : {
          "width" : 400,
          "height" : 400
        }
      },
      "snapshot" : {
        "imageName" : "245c2e0d-e711-82f9-8863-84c6ad1cb812.jpg",
        "dimension" : {
          "width" : 400,
          "height" : 400
        }
      },
      "svg" : "bac99d6c-1559-3466-d97a-06ed25d7e3ff.svg"
    } ]
  },
  "version3.0" : {
    "customizationInfo" : {
      "surfaces" : [ {
        "name" : "Surface 1",
        "areas" : [ {
          "customizationType" : "ImagePrinting",
          "Dimensions" : {
            "width" : 367,
            "height" : 278
          },
          "Position" : {
            "x" : 16,
            "y" : 52
          },
          "name" : "Image 1",
          "svgImage" : "bac99d6c-1559-3466-d97a-06ed25d7e3ff.svg"
        }, {
          "customizationType" : "ImagePrinting",
          "Dimensions" : {
            "width" : 367,
            "height" : 275
          },
          "Position" : {
            "x" : 16,
            "y" : 52
          },
          "name" : "Image 2",
          "svgImage" : "bac99d6c-1559-3466-d97a-06ed25d7e3ff.svg"
        }, {
          "customizationType" : "ImagePrinting",
          "Dimensions" : {
            "width" : 367,
            "height" : 278
          },
          "Position" : {
            "x" : 16,
            "y" : 51
          },
          "name" : "Image 3",
          "svgImage" : "bac99d6c-1559-3466-d97a-06ed25d7e3ff.svg"
        }, {
          "customizationType" : "ImagePrinting",
          "Dimensions" : {
            "width" : 368,
            "height" : 276
          },
          "Position" : {
            "x" : 16,
            "y" : 50
          },
          "name" : "Image 4",
          "svgImage" : "bac99d6c-1559-3466-d97a-06ed25d7e3ff.svg"
        }, {
          "customizationType" : "ImagePrinting",
          "Dimensions" : {
            "width" : 367,
            "height" : 277
          },
          "Position" : {
            "x" : 17,
            "y" : 50
          },
          "name" : "Image 5",
          "svgImage" : "bac99d6c-1559-3466-d97a-06ed25d7e3ff.svg"
        }, {
          "customizationType" : "ImagePrinting",
          "Dimensions" : {
            "width" : 365,
            "height" : 275
          },
          "Position" : {
            "x" : 17,
            "y" : 51
          },
          "name" : "Text Input 1",
          "svgImage" : "bac99d6c-1559-3466-d97a-06ed25d7e3ff.svg"
        }, {
          "customizationType" : "ImagePrinting",
          "Dimensions" : {
            "width" : 364,
            "height" : 275
          },
          "Position" : {
            "x" : 18,
            "y" : 53
          },
          "name" : "Text Input 2",
          "svgImage" : "bac99d6c-1559-3466-d97a-06ed25d7e3ff.svg"
        }, {
          "customizationType" : "TextPrinting",
          "colorName" : "Black",
          "fill" : "#000000",
          "fontFamily" : "Roboto",
          "Dimensions" : {
            "width" : 366,
            "height" : 274
          },
          "Position" : {
            "x" : 14,
            "y" : 52
          },
          "name" : "Text Input 3",
          "label" : "Text 3",
          "text" : ""
        }, {
          "customizationType" : "TextPrinting",
          "colorName" : "Black",
          "fill" : "#000000",
          "fontFamily" : "Roboto",
          "Dimensions" : {
            "width" : 366,
            "height" : 276
          },
          "Position" : {
            "x" : 16,
            "y" : 52
          },
          "name" : "Text Input 4",
          "label" : "Text 4",
          "text" : ""
        }, {
          "customizationType" : "Options",
          "name" : "Option Dropdown 1",
          "label" : "Add more signs?",
          "optionValue" : "No thanks (2 signs, $13.48/ea)",
          "priceDelta" : {
            "value" : 0.0
          },
          "optionImage" : ""
        }, {
          "customizationType" : "TextPrinting",
          "name" : "Data 1",
          "label" : "Leave a message to us.",
          "text" : ""
        } ]
      } ]
    }
  }
}