<data><marketplaceId>ATVPDKIKX0DER</marketplaceId><quantity>1</quantity><orderId>114-4737683-3324234</orderId><merchantId>A1CIC4I1BRMOQY</merchantId><customizationData><children><children><children><children><image><imageName>76ca2dba-da6d-436d-b487-c5807619fe8b.jpg</imageName><buyerFilename>6A0EC4EF-CCE7-4AC4-852D-0AA03C64DC5F.jpeg</buyerFilename></image><name/><label>Image 1</label><type>ImageCustomization</type></children><name>Image 1</name><label>Image 1</label><position><x>16</x><y>52</y></position><type>PlacementContainerCustomization</type><dimension><width>367</width><height>278</height></dimension><buyerPlacement><scale><scaleX>0.19220758866406173</scaleX><scaleY>0.1922075886640618</scaleY></scale><position><x>15.736262659436647</x><y>179.02116815028657</y></position><dimension><width>1040</width><height>997</height></dimension><angleOfRotation>-0.2610474002893281</angleOfRotation></buyerPlacement></children><children><children><name/><label>Image 2</label><type>ImageCustomization</type></children><name>Image 2</name><label>Image 2</label><position><x>16</x><y>52</y></position><type>PlacementContainerCustomization</type><dimension><width>367</width><height>275</height></dimension></children><children><children><name/><label>Image 3</label><type>ImageCustomization</type></children><name>Image 3</name><label>Image 3</label><position><x>16</x><y>51</y></position><type>PlacementContainerCustomization</type><dimension><width>367</width><height>278</height></dimension></children><children><children><name/><label>Image 4</label><type>ImageCustomization</type></children><name>Image 4</name><label>Image 4</label><position><x>16</x><y>50</y></position><type>PlacementContainerCustomization</type><dimension><width>368</width><height>276</height></dimension></children><children><children><name/><label>Image 5</label><type>ImageCustomization</type></children><name>Image 5</name><label>Image 5</label><position><x>17</x><y>50</y></position><type>PlacementContainerCustomization</type><dimension><width>367</width><height>277</height></dimension></children><children><children><name/><label>Text 1</label><type>FontCustomization</type><fontSelection><family>Lato</family></fontSelection></children><children><colorSelection><name>Red</name><colorModel>rgb</colorModel><value>#ff0606</value></colorSelection><name/><label>Text Colors</label><type>ColorCustomization</type></children><children><children><children><name/><inputValue>SHOTOKAN KARATE 
GMA
YOUTH Fundraiser </inputValue><label>Text 1</label><type>TextCustomization</type></children><name>Text Input 1</name><label>Text Input 1</label><position><x>17</x><y>51</y></position><type>PlacementContainerCustomization</type><dimension><width>365</width><height>275</height></dimension><buyerPlacement><scale><scaleX>0.13224652879829424</scaleX><scaleY>0.13224652879829424</scaleY></scale><position><x>41.6369041826411</x><y>67.45455070128327</y></position><dimension><width>2328.6977965406663</width><height>903.7284496124028</height></dimension><angleOfRotation>359.7140873786368</angleOfRotation></buyerPlacement></children><children><children><name/><inputValue>559-605-9949</inputValue><label>Text 2</label><type>TextCustomization</type></children><name>Text Input 2</name><label>Text Input 2</label><position><x>18</x><y>53</y></position><type>PlacementContainerCustomization</type><dimension><width>364</width><height>275</height></dimension><buyerPlacement><scale><scaleX>0.06781610477487184</scaleX><scaleY>0.06781610477487182</scaleY></scale><position><x>225.57042765260547</x><y>264.39827803482024</y></position><dimension><width>1564.3491917247916</width><height>272.20736434108517</height></dimension><angleOfRotation>359.0205182170626</angleOfRotation></buyerPlacement></children><children><children><name/><inputValue>SENSEI
ABEL GARCIA </inputValue><label>Text 3</label><type>TextCustomization</type></children><name>Text Input 3</name><label>Text Input 3</label><position><x>14</x><y>52</y></position><type>PlacementContainerCustomization</type><dimension><width>366</width><height>274</height></dimension><buyerPlacement><scale><scaleX>0.060343098832780065</scaleX><scaleY>0.06034309883278005</scaleY></scale><position><x>236.1504168102748</x><y>213.15872826117393</y></position><dimension><width>1563.7009528167484</width><height>585.829841860465</height></dimension><angleOfRotation>0.8218870496579314</angleOfRotation></buyerPlacement></children><children><children><name/><inputValue/><label>Text 4</label><type>TextCustomization</type></children><name>Text Input 4</name><label>Text Input 4</label><position><x>16</x><y>52</y></position><type>PlacementContainerCustomization</type><dimension><width>366</width><height>276</height></dimension></children><type>ContainerCustomization</type></children><name>Text 1</name><label>Text 1</label><type>ContainerCustomization</type></children><children><displayValue>No thanks (2 signs, $13.48/ea)</displayValue><name>Option Dropdown 1</name><label>Add more signs?</label><type>OptionCustomization</type><optionSelection><name>No thanks (2 signs, $13.48/ea)</name><label>No thanks (2 signs, $13.48/ea)</label><thumbnailImage><imageUrl>https://m.media-amazon.com/images/S/gestalt-seller-images-prod-us-east-1/ATVPDKIKX0DER/A1CIC4I1BRMOQY/e5d96fd8-a893-4844-b1b8-2a873f485cff.jpg</imageUrl><dimension><width>1440</width><height>1440</height></dimension></thumbnailImage><additionalCost><amount>0</amount></additionalCost></optionSelection></children><children><name>Data 1</name><inputValue/><label>Leave a message to us.</label><type>TextCustomization</type></children><type>FlatContainerCustomization</type></children><svg>93d58d08-e246-d108-65f8-e5539d0ff11e.svg</svg><name>Surface 1</name><baseImage><imageUrl>https://m.media-amazon.com/images/S/gestalt-seller-images-prod-us-east-1/ATVPDKIKX0DER/A1CIC4I1BRMOQY/ba620fc3-3094-4ead-8b7a-a192c0f6afd6.png</imageUrl><dimension><width>400</width><height>400</height></dimension></baseImage><label>Surface 1</label><type>PreviewContainerCustomization</type><snapshot><imageName>57590e4b-4bf6-a2f6-9b04-ba6707eebd5e.jpg</imageName><dimension><width>400</width><height>400</height></dimension></snapshot></children><type>PageContainerCustomization</type></customizationData><version3.0><customizationInfo><surfaces><name>Surface 1</name><areas><Position><x>16</x><y>52</y></Position><svgImage>93d58d08-e246-d108-65f8-e5539d0ff11e.svg</svgImage><name>Image 1</name><Dimensions><width>367</width><height>278</height></Dimensions><customizationType>ImagePrinting</customizationType></areas><areas><Position><x>16</x><y>52</y></Position><svgImage>93d58d08-e246-d108-65f8-e5539d0ff11e.svg</svgImage><name>Image 2</name><Dimensions><width>367</width><height>275</height></Dimensions><customizationType>ImagePrinting</customizationType></areas><areas><Position><x>16</x><y>51</y></Position><svgImage>93d58d08-e246-d108-65f8-e5539d0ff11e.svg</svgImage><name>Image 3</name><Dimensions><width>367</width><height>278</height></Dimensions><customizationType>ImagePrinting</customizationType></areas><areas><Position><x>16</x><y>50</y></Position><svgImage>93d58d08-e246-d108-65f8-e5539d0ff11e.svg</svgImage><name>Image 4</name><Dimensions><width>368</width><height>276</height></Dimensions><customizationType>ImagePrinting</customizationType></areas><areas><Position><x>17</x><y>50</y></Position><svgImage>93d58d08-e246-d108-65f8-e5539d0ff11e.svg</svgImage><name>Image 5</name><Dimensions><width>367</width><height>277</height></Dimensions><customizationType>ImagePrinting</customizationType></areas><areas><Position><x>17</x><y>51</y></Position><svgImage>93d58d08-e246-d108-65f8-e5539d0ff11e.svg</svgImage><name>Text Input 1</name><Dimensions><width>365</width><height>275</height></Dimensions><customizationType>ImagePrinting</customizationType></areas><areas><Position><x>18</x><y>53</y></Position><svgImage>93d58d08-e246-d108-65f8-e5539d0ff11e.svg</svgImage><name>Text Input 2</name><Dimensions><width>364</width><height>275</height></Dimensions><customizationType>ImagePrinting</customizationType></areas><areas><Position><x>14</x><y>52</y></Position><svgImage>93d58d08-e246-d108-65f8-e5539d0ff11e.svg</svgImage><name>Text Input 3</name><Dimensions><width>366</width><height>274</height></Dimensions><customizationType>ImagePrinting</customizationType></areas><areas><colorName>Red</colorName><fontFamily>Lato</fontFamily><Position><x>16</x><y>52</y></Position><name>Text Input 4</name><Dimensions><width>366</width><height>276</height></Dimensions><label>Text 4</label><text/><fill>#ff0606</fill><customizationType>TextPrinting</customizationType></areas><areas><optionValue>No thanks (2 signs, $13.48/ea)</optionValue><name>Option Dropdown 1</name><priceDelta><value>0.0</value></priceDelta><label>Add more signs?</label><customizationType>Options</customizationType><optionImage/></areas><areas><name>Data 1</name><label>Leave a message to us.</label><text/><customizationType>TextPrinting</customizationType></areas></surfaces></customizationInfo></version3.0><orderItemId>75640267690601</orderItemId><asin>B0BCP337TV</asin><title>Two Pack Custom + Personalized 18x24&quot; Horizontal Yard Sign (Outdoor, Weatherproof Corrugated Plastic) Metal Stake Included, by Legit Fast Printing</title><legacyOrderItemId>null</legacyOrderItemId></data>