{
  "orderId" : "114-4737683-3324234",
  "orderItemId" : "75640267690601",
  "legacyOrderItemId" : null,
  "merchantId" : "A1CIC4I1BRMOQY",
  "marketplaceId" : "ATVPDKIKX0DER",
  "asin" : "B0BCP337TV",
  "title" : "Two Pack Custom + Personalized 18x24\" Horizontal Yard Sign (Outdoor, Weatherproof Corrugated Plastic) Metal Stake Included, by Legit Fast Printing",
  "quantity" : 1,
  "customizationData" : {
    "type" : "PageContainerCustomization",
    "children" : [ {
      "type" : "PreviewContainerCustomization",
      "name" : "Surface 1",
      "label" : "Surface 1",
      "children" : [ {
        "type" : "FlatContainerCustomization",
        "children" : [ {
          "type" : "PlacementContainerCustomization",
          "name" : "Image 1",
          "label" : "Image 1",
          "children" : [ {
            "type" : "ImageCustomization",
            "name" : "",
            "label" : "Image 1",
            "image" : {
              "imageName" : "76ca2dba-da6d-436d-b487-c5807619fe8b.jpg",
              "buyerFilename" : "6A0EC4EF-CCE7-4AC4-852D-0AA03C64DC5F.jpeg"
            }
          } ],
          "dimension" : {
            "width" : 367,
            "height" : 278
          },
          "position" : {
            "x" : 16,
            "y" : 52
          },
          "buyerPlacement" : {
            "position" : {
              "x" : 15.736262659436647,
              "y" : 179.02116815028657
            },
            "dimension" : {
              "width" : 1040,
              "height" : 997
            },
            "scale" : {
              "scaleX" : 0.19220758866406173,
              "scaleY" : 0.1922075886640618
            },
            "angleOfRotation" : -0.2610474002893281
          }
        }, {
          "type" : "PlacementContainerCustomization",
          "name" : "Image 2",
          "label" : "Image 2",
          "children" : [ {
            "type" : "ImageCustomization",
            "name" : "",
            "label" : "Image 2"
          } ],
          "dimension" : {
            "width" : 367,
            "height" : 275
          },
          "position" : {
            "x" : 16,
            "y" : 52
          }
        }, {
          "type" : "PlacementContainerCustomization",
          "name" : "Image 3",
          "label" : "Image 3",
          "children" : [ {
            "type" : "ImageCustomization",
            "name" : "",
            "label" : "Image 3"
          } ],
          "dimension" : {
            "width" : 367,
            "height" : 278
          },
          "position" : {
            "x" : 16,
            "y" : 51
          }
        }, {
          "type" : "PlacementContainerCustomization",
          "name" : "Image 4",
          "label" : "Image 4",
          "children" : [ {
            "type" : "ImageCustomization",
            "name" : "",
            "label" : "Image 4"
          } ],
          "dimension" : {
            "width" : 368,
            "height" : 276
          },
          "position" : {
            "x" : 16,
            "y" : 50
          }
        }, {
          "type" : "PlacementContainerCustomization",
          "name" : "Image 5",
          "label" : "Image 5",
          "children" : [ {
            "type" : "ImageCustomization",
            "name" : "",
            "label" : "Image 5"
          } ],
          "dimension" : {
            "width" : 367,
            "height" : 277
          },
          "position" : {
            "x" : 17,
            "y" : 50
          }
        }, {
          "type" : "ContainerCustomization",
          "name" : "Text 1",
          "label" : "Text 1",
          "children" : [ {
            "type" : "FontCustomization",
            "name" : "",
            "label" : "Text 1",
            "fontSelection" : {
              "family" : "Lato"
            }
          }, {
            "type" : "ColorCustomization",
            "name" : "",
            "label" : "Text Colors",
            "colorSelection" : {
              "name" : "Red",
              "value" : "#ff0606",
              "colorModel" : "rgb"
            }
          }, {
            "type" : "ContainerCustomization",
            "children" : [ {
              "type" : "PlacementContainerCustomization",
              "name" : "Text Input 1",
              "label" : "Text Input 1",
              "children" : [ {
                "type" : "TextCustomization",
                "name" : "",
                "label" : "Text 1",
                "inputValue" : "SHOTOKAN KARATE \nGMA\nYOUTH Fundraiser "
              } ],
              "dimension" : {
                "width" : 365,
                "height" : 275
              },
              "position" : {
                "x" : 17,
                "y" : 51
              },
              "buyerPlacement" : {
                "position" : {
                  "x" : 41.6369041826411,
                  "y" : 67.45455070128327
                },
                "dimension" : {
                  "width" : 2328.6977965406663,
                  "height" : 903.7284496124028
                },
                "scale" : {
                  "scaleX" : 0.13224652879829424,
                  "scaleY" : 0.13224652879829424
                },
                "angleOfRotation" : 359.7140873786368
              }
            }, {
              "type" : "PlacementContainerCustomization",
              "name" : "Text Input 2",
              "label" : "Text Input 2",
              "children" : [ {
                "type" : "TextCustomization",
                "name" : "",
                "label" : "Text 2",
                "inputValue" : "559-605-9949"
              } ],
              "dimension" : {
                "width" : 364,
                "height" : 275
              },
              "position" : {
                "x" : 18,
                "y" : 53
              },
              "buyerPlacement" : {
                "position" : {
                  "x" : 225.57042765260547,
                  "y" : 264.39827803482024
                },
                "dimension" : {
                  "width" : 1564.3491917247916,
                  "height" : 272.20736434108517
                },
                "scale" : {
                  "scaleX" : 0.06781610477487184,
                  "scaleY" : 0.06781610477487182
                },
                "angleOfRotation" : 359.0205182170626
              }
            }, {
              "type" : "PlacementContainerCustomization",
              "name" : "Text Input 3",
              "label" : "Text Input 3",
              "children" : [ {
                "type" : "TextCustomization",
                "name" : "",
                "label" : "Text 3",
                "inputValue" : "SENSEI\nABEL GARCIA "
              } ],
              "dimension" : {
                "width" : 366,
                "height" : 274
              },
              "position" : {
                "x" : 14,
                "y" : 52
              },
              "buyerPlacement" : {
                "position" : {
                  "x" : 236.1504168102748,
                  "y" : 213.15872826117393
                },
                "dimension" : {
                  "width" : 1563.7009528167484,
                  "height" : 585.829841860465
                },
                "scale" : {
                  "scaleX" : 0.060343098832780065,
                  "scaleY" : 0.06034309883278005
                },
                "angleOfRotation" : 0.8218870496579314
              }
            }, {
              "type" : "PlacementContainerCustomization",
              "name" : "Text Input 4",
              "label" : "Text Input 4",
              "children" : [ {
                "type" : "TextCustomization",
                "name" : "",
                "label" : "Text 4",
                "inputValue" : ""
              } ],
              "dimension" : {
                "width" : 366,
                "height" : 276
              },
              "position" : {
                "x" : 16,
                "y" : 52
              }
            } ]
          } ]
        }, {
          "type" : "OptionCustomization",
          "name" : "Option Dropdown 1",
          "label" : "Add more signs?",
          "optionSelection" : {
            "name" : "No thanks (2 signs, $13.48/ea)",
            "label" : "No thanks (2 signs, $13.48/ea)",
            "additionalCost" : {
              "amount" : 0
            },
            "thumbnailImage" : {
              "imageUrl" : "https://m.media-amazon.com/images/S/gestalt-seller-images-prod-us-east-1/ATVPDKIKX0DER/A1CIC4I1BRMOQY/e5d96fd8-a893-4844-b1b8-2a873f485cff.jpg",
              "dimension" : {
                "width" : 1440,
                "height" : 1440
              }
            }
          },
          "displayValue" : "No thanks (2 signs, $13.48/ea)"
        }, {
          "type" : "TextCustomization",
          "name" : "Data 1",
          "label" : "Leave a message to us.",
          "inputValue" : ""
        } ]
      } ],
      "baseImage" : {
        "imageUrl" : "https://m.media-amazon.com/images/S/gestalt-seller-images-prod-us-east-1/ATVPDKIKX0DER/A1CIC4I1BRMOQY/ba620fc3-3094-4ead-8b7a-a192c0f6afd6.png",
        "dimension" : {
          "width" : 400,
          "height" : 400
        }
      },
      "snapshot" : {
        "imageName" : "57590e4b-4bf6-a2f6-9b04-ba6707eebd5e.jpg",
        "dimension" : {
          "width" : 400,
          "height" : 400
        }
      },
      "svg" : "93d58d08-e246-d108-65f8-e5539d0ff11e.svg"
    } ]
  },
  "version3.0" : {
    "customizationInfo" : {
      "surfaces" : [ {
        "name" : "Surface 1",
        "areas" : [ {
          "customizationType" : "ImagePrinting",
          "Dimensions" : {
            "width" : 367,
            "height" : 278
          },
          "Position" : {
            "x" : 16,
            "y" : 52
          },
          "name" : "Image 1",
          "svgImage" : "93d58d08-e246-d108-65f8-e5539d0ff11e.svg"
        }, {
          "customizationType" : "ImagePrinting",
          "Dimensions" : {
            "width" : 367,
            "height" : 275
          },
          "Position" : {
            "x" : 16,
            "y" : 52
          },
          "name" : "Image 2",
          "svgImage" : "93d58d08-e246-d108-65f8-e5539d0ff11e.svg"
        }, {
          "customizationType" : "ImagePrinting",
          "Dimensions" : {
            "width" : 367,
            "height" : 278
          },
          "Position" : {
            "x" : 16,
            "y" : 51
          },
          "name" : "Image 3",
          "svgImage" : "93d58d08-e246-d108-65f8-e5539d0ff11e.svg"
        }, {
          "customizationType" : "ImagePrinting",
          "Dimensions" : {
            "width" : 368,
            "height" : 276
          },
          "Position" : {
            "x" : 16,
            "y" : 50
          },
          "name" : "Image 4",
          "svgImage" : "93d58d08-e246-d108-65f8-e5539d0ff11e.svg"
        }, {
          "customizationType" : "ImagePrinting",
          "Dimensions" : {
            "width" : 367,
            "height" : 277
          },
          "Position" : {
            "x" : 17,
            "y" : 50
          },
          "name" : "Image 5",
          "svgImage" : "93d58d08-e246-d108-65f8-e5539d0ff11e.svg"
        }, {
          "customizationType" : "ImagePrinting",
          "Dimensions" : {
            "width" : 365,
            "height" : 275
          },
          "Position" : {
            "x" : 17,
            "y" : 51
          },
          "name" : "Text Input 1",
          "svgImage" : "93d58d08-e246-d108-65f8-e5539d0ff11e.svg"
        }, {
          "customizationType" : "ImagePrinting",
          "Dimensions" : {
            "width" : 364,
            "height" : 275
          },
          "Position" : {
            "x" : 18,
            "y" : 53
          },
          "name" : "Text Input 2",
          "svgImage" : "93d58d08-e246-d108-65f8-e5539d0ff11e.svg"
        }, {
          "customizationType" : "ImagePrinting",
          "Dimensions" : {
            "width" : 366,
            "height" : 274
          },
          "Position" : {
            "x" : 14,
            "y" : 52
          },
          "name" : "Text Input 3",
          "svgImage" : "93d58d08-e246-d108-65f8-e5539d0ff11e.svg"
        }, {
          "customizationType" : "TextPrinting",
          "colorName" : "Red",
          "fill" : "#ff0606",
          "fontFamily" : "Lato",
          "Dimensions" : {
            "width" : 366,
            "height" : 276
          },
          "Position" : {
            "x" : 16,
            "y" : 52
          },
          "name" : "Text Input 4",
          "label" : "Text 4",
          "text" : ""
        }, {
          "customizationType" : "Options",
          "name" : "Option Dropdown 1",
          "label" : "Add more signs?",
          "optionValue" : "No thanks (2 signs, $13.48/ea)",
          "priceDelta" : {
            "value" : 0.0
          },
          "optionImage" : ""
        }, {
          "customizationType" : "TextPrinting",
          "name" : "Data 1",
          "label" : "Leave a message to us.",
          "text" : ""
        } ]
      } ]
    }
  }
}