<data><marketplaceId>ATVPDKIKX0DER</marketplaceId><quantity>1</quantity><orderId>114-6094710-3641023</orderId><merchantId>A1CIC4I1BRMOQY</merchantId><customizationData><children><children><children><children><name/><label>Image 1</label><type>ImageCustomization</type></children><name>Image 1</name><label>Image 1</label><position><x>16</x><y>52</y></position><type>PlacementContainerCustomization</type><dimension><width>367</width><height>278</height></dimension></children><children><children><name/><label>Image 2</label><type>ImageCustomization</type></children><name>Image 2</name><label>Image 2</label><position><x>16</x><y>52</y></position><type>PlacementContainerCustomization</type><dimension><width>367</width><height>275</height></dimension></children><children><children><name/><label>Image 3</label><type>ImageCustomization</type></children><name>Image 3</name><label>Image 3</label><position><x>16</x><y>51</y></position><type>PlacementContainerCustomization</type><dimension><width>367</width><height>278</height></dimension></children><children><children><name/><label>Image 4</label><type>ImageCustomization</type></children><name>Image 4</name><label>Image 4</label><position><x>16</x><y>50</y></position><type>PlacementContainerCustomization</type><dimension><width>368</width><height>276</height></dimension></children><children><children><name/><label>Image 5</label><type>ImageCustomization</type></children><name>Image 5</name><label>Image 5</label><position><x>17</x><y>50</y></position><type>PlacementContainerCustomization</type><dimension><width>367</width><height>277</height></dimension></children><children><children><name/><label>Text 1</label><type>FontCustomization</type><fontSelection><family>Roboto</family></fontSelection></children><children><colorSelection><name>Black</name><colorModel>rgb</colorModel><value>#000000</value></colorSelection><name/><label>Text Colors</label><type>ColorCustomization</type></children><children><children><children><name/><inputValue>315-209-0908</inputValue><label>Text 1</label><type>TextCustomization</type></children><name>Text Input 1</name><label>Text Input 1</label><position><x>17</x><y>51</y></position><type>PlacementContainerCustomization</type><dimension><width>365</width><height>275</height></dimension><buyerPlacement><scale><scaleX>0.2304590138664088</scaleX><scaleY>0.2304590138664088</scaleY></scale><position><x>16.769540986133563</x><y>68.95323761376827</y></position><dimension><width>1583.795720880682</width><height>290.20454545454544</height></dimension><angleOfRotation>0</angleOfRotation></buyerPlacement></children><children><children><name/><inputValue>TREE SERVICE</inputValue><label>Text 2</label><type>TextCustomization</type></children><name>Text Input 2</name><label>Text Input 2</label><position><x>18</x><y>53</y></position><type>PlacementContainerCustomization</type><dimension><width>364</width><height>275</height></dimension><buyerPlacement><scale><scaleX>0.19398723047643748</scaleX><scaleY>0.19398723047643748</scaleY></scale><position><x>39.12689315365884</x><y>156.08444411600487</y></position><dimension><width>1667.311789772727</width><height>290.20454545454544</height></dimension><angleOfRotation>0</angleOfRotation></buyerPlacement></children><children><children><name/><inputValue>STUMPS</inputValue><label>Text 3</label><type>TextCustomization</type></children><name>Text Input 3</name><label>Text Input 3</label><position><x>14</x><y>52</y></position><type>PlacementContainerCustomization</type><dimension><width>366</width><height>274</height></dimension><buyerPlacement><scale><scaleX>0.20762442931339428</scaleX><scaleY>0.20762442931339428</scaleY></scale><position><x>93.08025951149921</x><y>222.80571876577793</y></position><dimension><width>1007.0446474690082</width><height>289.1492561983471</height></dimension><angleOfRotation>0</angleOfRotation></buyerPlacement></children><children><children><name/><inputValue>vanhornstree@gmail.com </inputValue><label>Text 4</label><type>TextCustomization</type></children><name>Text Input 4</name><label>Text Input 4</label><position><x>16</x><y>52</y></position><type>PlacementContainerCustomization</type><dimension><width>366</width><height>276</height></dimension><buyerPlacement><scale><scaleX>0.11033823049482111</scaleX><scaleY>0.11033823049482111</scaleY></scale><position><x>38.15737929384039</x><y>281.53219267379154</y></position><dimension><width>3005.555220170454</width><height>291.25983471074375</height></dimension><angleOfRotation>0</angleOfRotation></buyerPlacement></children><type>ContainerCustomization</type></children><name>Text 1</name><label>Text 1</label><type>ContainerCustomization</type></children><children><displayValue>3 signs total ($12.50/ea)</displayValue><name>Option Dropdown 1</name><label>Add more signs?</label><type>OptionCustomization</type><optionSelection><name>3 signs total ($12.50/ea)</name><label>3 signs total ($12.50/ea)</label><thumbnailImage><imageUrl>https://m.media-amazon.com/images/S/gestalt-seller-images-prod-us-east-1/ATVPDKIKX0DER/A1CIC4I1BRMOQY/12922693-c2e0-4af2-9f61-73688ef5cd9b.jpg</imageUrl><dimension><width>1440</width><height>1440</height></dimension></thumbnailImage><additionalCost><amount>11.25</amount></additionalCost></optionSelection></children><children><name>Data 1</name><inputValue/><label>Leave a message to us.</label><type>TextCustomization</type></children><type>FlatContainerCustomization</type></children><svg>6e90eebf-295b-1faf-4010-079c10b047c2.svg</svg><name>Surface 1</name><baseImage><imageUrl>https://m.media-amazon.com/images/S/gestalt-seller-images-prod-us-east-1/ATVPDKIKX0DER/A1CIC4I1BRMOQY/ba620fc3-3094-4ead-8b7a-a192c0f6afd6.png</imageUrl><dimension><width>400</width><height>400</height></dimension></baseImage><label>Surface 1</label><type>PreviewContainerCustomization</type><snapshot><imageName>5bb366a1-9d1d-4e09-871a-b659acfe94af.jpg</imageName><dimension><width>400</width><height>400</height></dimension></snapshot></children><type>PageContainerCustomization</type></customizationData><version3.0><customizationInfo><surfaces><name>Surface 1</name><areas><Position><x>16</x><y>52</y></Position><svgImage>6e90eebf-295b-1faf-4010-079c10b047c2.svg</svgImage><name>Image 1</name><Dimensions><width>367</width><height>278</height></Dimensions><customizationType>ImagePrinting</customizationType></areas><areas><Position><x>16</x><y>52</y></Position><svgImage>6e90eebf-295b-1faf-4010-079c10b047c2.svg</svgImage><name>Image 2</name><Dimensions><width>367</width><height>275</height></Dimensions><customizationType>ImagePrinting</customizationType></areas><areas><Position><x>16</x><y>51</y></Position><svgImage>6e90eebf-295b-1faf-4010-079c10b047c2.svg</svgImage><name>Image 3</name><Dimensions><width>367</width><height>278</height></Dimensions><customizationType>ImagePrinting</customizationType></areas><areas><Position><x>16</x><y>50</y></Position><svgImage>6e90eebf-295b-1faf-4010-079c10b047c2.svg</svgImage><name>Image 4</name><Dimensions><width>368</width><height>276</height></Dimensions><customizationType>ImagePrinting</customizationType></areas><areas><Position><x>17</x><y>50</y></Position><svgImage>6e90eebf-295b-1faf-4010-079c10b047c2.svg</svgImage><name>Image 5</name><Dimensions><width>367</width><height>277</height></Dimensions><customizationType>ImagePrinting</customizationType></areas><areas><Position><x>17</x><y>51</y></Position><svgImage>6e90eebf-295b-1faf-4010-079c10b047c2.svg</svgImage><name>Text Input 1</name><Dimensions><width>365</width><height>275</height></Dimensions><customizationType>ImagePrinting</customizationType></areas><areas><Position><x>18</x><y>53</y></Position><svgImage>6e90eebf-295b-1faf-4010-079c10b047c2.svg</svgImage><name>Text Input 2</name><Dimensions><width>364</width><height>275</height></Dimensions><customizationType>ImagePrinting</customizationType></areas><areas><Position><x>14</x><y>52</y></Position><svgImage>6e90eebf-295b-1faf-4010-079c10b047c2.svg</svgImage><name>Text Input 3</name><Dimensions><width>366</width><height>274</height></Dimensions><customizationType>ImagePrinting</customizationType></areas><areas><Position><x>16</x><y>52</y></Position><svgImage>6e90eebf-295b-1faf-4010-079c10b047c2.svg</svgImage><name>Text Input 4</name><Dimensions><width>366</width><height>276</height></Dimensions><customizationType>ImagePrinting</customizationType></areas><areas><optionValue>3 signs total ($12.50/ea)</optionValue><name>Option Dropdown 1</name><priceDelta><value>11.25</value></priceDelta><label>Add more signs?</label><customizationType>Options</customizationType><optionImage/></areas><areas><name>Data 1</name><label>Leave a message to us.</label><text/><customizationType>TextPrinting</customizationType></areas></surfaces></customizationInfo></version3.0><orderItemId>75702640711841</orderItemId><asin>B0BCP337TV</asin><title>Two Pack Custom + Personalized 18x24&quot; Horizontal Yard Sign (Outdoor, Weatherproof Corrugated Plastic) Metal Stake Included, by Legit Fast Printing</title><legacyOrderItemId>null</legacyOrderItemId></data>