{
  "orderId" : "114-0586819-1529811",
  "orderItemId" : "74487880418641",
  "legacyOrderItemId" : null,
  "merchantId" : "A2CD880XWTZB7",
  "marketplaceId" : "ATVPDKIKX0DER",
  "asin" : "B07X7KK9CH",
  "title" : "Personalize Custom Yard Sign 24\" x 18\", Metal H-Stake Included",
  "quantity" : 1,
  "customizationData" : {
    "type" : "PageContainerCustomization",
    "children" : [ {
      "type" : "PreviewContainerCustomization",
      "name" : "Landscape Sign",
      "label" : "Landscape Sign",
      "children" : [ {
        "type" : "FlatContainerCustomization",
        "children" : [ {
          "type" : "OptionCustomization",
          "name" : "Landscape Sign Background Color",
          "label" : "Landscape Sign Background Color",
          "optionSelection" : {
            "name" : "Red Landscape",
            "label" : "Red Landscape",
            "additionalCost" : {
              "amount" : 0
            },
            "overlayImage" : {
              "imageUrl" : "https://m.media-amazon.com/images/S/gestalt-seller-images-prod-us-east-1/ATVPDKIKX0DER/A2CD880XWTZB7/615a9750-a899-4347-8315-f50927fff10c.jpg",
              "dimension" : {
                "width" : 400,
                "height" : 400
              }
            },
            "thumbnailImage" : {
              "imageUrl" : "https://m.media-amazon.com/images/S/gestalt-seller-images-prod-us-east-1/ATVPDKIKX0DER/A2CD880XWTZB7/7887031f-3baf-4af1-a45c-2d09ac66d631.jpg",
              "dimension" : {
                "width" : 400,
                "height" : 400
              }
            }
          },
          "displayValue" : "Red Landscape"
        }, {
          "type" : "PlacementContainerCustomization",
          "name" : "Customization 1",
          "children" : [ {
            "type" : "ImageCustomization",
            "label" : "Image",
            "image" : {
              "imageName" : "1c761635-1e1a-4054-a984-5fefda30f424.jpg",
              "buyerFilename" : "received_373933458285231.jpg"
            }
          } ],
          "dimension" : {
            "width" : 353,
            "height" : 265
          },
          "position" : {
            "x" : 25,
            "y" : 32
          },
          "buyerPlacement" : {
            "position" : {
              "x" : -8.406205286146474,
              "y" : 25.020681765823056
            },
            "dimension" : {
              "width" : 1436,
              "height" : 835
            },
            "scale" : {
              "scaleX" : 0.28399028504455553,
              "scaleY" : 0.28399028504455553
            },
            "angleOfRotation" : 0.1021132293554241
          }
        }, {
          "type" : "ContainerCustomization",
          "name" : "Text Input",
          "children" : [ {
            "type" : "FontCustomization",
            "label" : "Choose Font Type",
            "fontSelection" : {
              "family" : "Verdana"
            }
          }, {
            "type" : "ColorCustomization",
            "label" : "Choose Font Color",
            "colorSelection" : {
              "name" : "White",
              "value" : "#ffffff",
              "colorModel" : "rgb"
            }
          }, {
            "type" : "ContainerCustomization",
            "children" : [ {
              "type" : "PlacementContainerCustomization",
              "name" : "Customization 1",
              "children" : [ {
                "type" : "TextCustomization",
                "label" : "Custom Text Input 1",
                "inputValue" : "301-728-8322"
              } ],
              "dimension" : {
                "width" : 353,
                "height" : 265
              },
              "position" : {
                "x" : 24,
                "y" : 31
              },
              "buyerPlacement" : {
                "position" : {
                  "x" : 147.09896689208915,
                  "y" : 238.37144720863395
                },
                "dimension" : {
                  "width" : 1660.833134541985,
                  "height" : 258.30419847328244
                },
                "scale" : {
                  "scaleX" : 0.07632300884242922,
                  "scaleY" : 0.07632300884242922
                },
                "angleOfRotation" : 0
              }
            }, {
              "type" : "PlacementContainerCustomization",
              "name" : "Text Input 2",
              "label" : "Text Input 2",
              "children" : [ {
                "type" : "TextCustomization",
                "label" : "Custom Text Input 2",
                "inputValue" : ""
              } ],
              "dimension" : {
                "width" : 353,
                "height" : 264
              },
              "position" : {
                "x" : 24,
                "y" : 31
              }
            } ]
          } ]
        }, {
          "type" : "ContainerCustomization",
          "name" : "Text 2",
          "label" : "Text 2",
          "children" : [ {
            "type" : "FontCustomization",
            "name" : "",
            "label" : "Choose Font Type",
            "fontSelection" : {
              "family" : "Helvetica"
            }
          }, {
            "type" : "ColorCustomization",
            "name" : "",
            "label" : "Choose Font Color",
            "colorSelection" : {
              "name" : "White",
              "value" : "#ffffff",
              "colorModel" : "rgb"
            }
          }, {
            "type" : "ContainerCustomization",
            "children" : [ {
              "type" : "PlacementContainerCustomization",
              "name" : "Text Input 1",
              "label" : "Text Input 1",
              "children" : [ {
                "type" : "TextCustomization",
                "name" : "",
                "label" : "Custom Text Input 3",
                "inputValue" : "Silver Spring Md 20906"
              } ],
              "dimension" : {
                "width" : 353,
                "height" : 264
              },
              "position" : {
                "x" : 24,
                "y" : 31
              },
              "buyerPlacement" : {
                "position" : {
                  "x" : 51,
                  "y" : 261.09361993056746
                },
                "dimension" : {
                  "width" : 2696.431793478261,
                  "height" : 293.1318260869565
                },
                "scale" : {
                  "scaleX" : 0.11527613492396604,
                  "scaleY" : 0.11527613492396604
                },
                "angleOfRotation" : 0
              }
            }, {
              "type" : "PlacementContainerCustomization",
              "name" : "Text Input 2",
              "label" : "Text Input 2",
              "children" : [ {
                "type" : "TextCustomization",
                "name" : "",
                "label" : "Custom Text Input 4",
                "inputValue" : ""
              } ],
              "dimension" : {
                "width" : 353,
                "height" : 264
              },
              "position" : {
                "x" : 24,
                "y" : 31
              }
            } ]
          } ]
        }, {
          "type" : "OptionCustomization",
          "name" : "Add more Signs?",
          "label" : "Add more signs?",
          "optionSelection" : {
            "name" : "2 Total Signs ($14.50 ea)",
            "label" : "2 Total Signs ($14.50 ea)",
            "additionalCost" : {
              "amount" : 4
            },
            "thumbnailImage" : {
              "imageUrl" : "https://m.media-amazon.com/images/S/gestalt-seller-images-prod-us-east-1/ATVPDKIKX0DER/A2CD880XWTZB7/12be9d97-dfb3-4310-b7c0-b51abb6a177c.jpg",
              "dimension" : {
                "width" : 576,
                "height" : 576
              }
            }
          },
          "displayValue" : "2 Total Signs ($14.50 ea)"
        } ]
      } ],
      "baseImage" : {
        "imageUrl" : "https://m.media-amazon.com/images/S/gestalt-seller-images-prod-us-east-1/ATVPDKIKX0DER/A2CD880XWTZB7/76a584ad-57b5-4e20-b085-02eccbe51e66.jpg",
        "dimension" : {
          "width" : 400,
          "height" : 400
        }
      },
      "snapshot" : {
        "imageName" : "3a8160d3-c1db-231b-85ca-8b85145aa874.jpg",
        "dimension" : {
          "width" : 400,
          "height" : 400
        }
      },
      "svg" : "b4804258-df6b-ea2d-feb3-c29e37ac01ae.svg"
    }, {
      "type" : "PreviewContainerCustomization",
      "name" : "Portrait Sign",
      "label" : "Portrait Sign",
      "children" : [ {
        "type" : "FlatContainerCustomization",
        "children" : [ {
          "type" : "OptionCustomization",
          "name" : "Portrait Sign Background Color",
          "label" : "Portrait Sign Background Color",
          "optionSelection" : "",
          "displayValue" : null
        }, {
          "type" : "PlacementContainerCustomization",
          "name" : "Image 1",
          "label" : "Image 1",
          "children" : [ {
            "type" : "ImageCustomization",
            "name" : "",
            "label" : "Image Upload"
          } ],
          "dimension" : {
            "width" : 230,
            "height" : 305
          },
          "position" : {
            "x" : 90,
            "y" : 12
          }
        }, {
          "type" : "ContainerCustomization",
          "name" : "Text 1",
          "label" : "Text 1",
          "children" : [ {
            "type" : "FontCustomization",
            "name" : "",
            "label" : "Choose Font Type",
            "fontSelection" : {
              "family" : "Anton"
            }
          }, {
            "type" : "ColorCustomization",
            "name" : "",
            "label" : "Choose Font Color",
            "colorSelection" : {
              "name" : "Black",
              "value" : "#000000",
              "colorModel" : "rgb"
            }
          }, {
            "type" : "ContainerCustomization",
            "children" : [ {
              "type" : "PlacementContainerCustomization",
              "name" : "Text Input 1",
              "label" : "Text Input 1",
              "children" : [ {
                "type" : "TextCustomization",
                "name" : "",
                "label" : "Custom Text 1",
                "inputValue" : ""
              } ],
              "dimension" : {
                "width" : 230,
                "height" : 305
              },
              "position" : {
                "x" : 90,
                "y" : 12
              }
            }, {
              "type" : "PlacementContainerCustomization",
              "name" : "Text Input 2",
              "label" : "Text Input 2",
              "children" : [ {
                "type" : "TextCustomization",
                "name" : "",
                "label" : "Custom Text 2",
                "inputValue" : ""
              } ],
              "dimension" : {
                "width" : 230,
                "height" : 305
              },
              "position" : {
                "x" : 90,
                "y" : 12
              }
            } ]
          } ]
        }, {
          "type" : "ContainerCustomization",
          "name" : "Text 2",
          "label" : "Text 2",
          "children" : [ {
            "type" : "FontCustomization",
            "name" : "",
            "label" : "Choose Font Type",
            "fontSelection" : {
              "family" : "Anton"
            }
          }, {
            "type" : "ColorCustomization",
            "name" : "",
            "label" : "Choose Font Color",
            "colorSelection" : {
              "name" : "Black",
              "value" : "#000000",
              "colorModel" : "rgb"
            }
          }, {
            "type" : "ContainerCustomization",
            "children" : [ {
              "type" : "PlacementContainerCustomization",
              "name" : "Text Input 1",
              "label" : "Text Input 1",
              "children" : [ {
                "type" : "TextCustomization",
                "name" : "",
                "label" : "Custom Text 3",
                "inputValue" : ""
              } ],
              "dimension" : {
                "width" : 230,
                "height" : 305
              },
              "position" : {
                "x" : 90,
                "y" : 12
              }
            }, {
              "type" : "PlacementContainerCustomization",
              "name" : "Text Input 2",
              "label" : "Text Input 2",
              "children" : [ {
                "type" : "TextCustomization",
                "name" : "",
                "label" : "Custom Text 4",
                "inputValue" : ""
              } ],
              "dimension" : {
                "width" : 230,
                "height" : 305
              },
              "position" : {
                "x" : 90,
                "y" : 12
              }
            } ]
          } ]
        }, {
          "type" : "OptionCustomization",
          "name" : "Add more Signs?",
          "label" : "Add more signs?",
          "optionSelection" : "",
          "displayValue" : null
        } ]
      } ],
      "baseImage" : {
        "imageUrl" : "https://m.media-amazon.com/images/S/gestalt-seller-images-prod-us-east-1/ATVPDKIKX0DER/A2CD880XWTZB7/373bbafb-c037-4c1f-b581-691d7e3defa9.jpg",
        "dimension" : {
          "width" : 400,
          "height" : 400
        }
      },
      "snapshot" : {
        "imageName" : "8a98c309-5db1-4ee3-1d11-85c207ac607a.jpg",
        "dimension" : {
          "width" : 400,
          "height" : 400
        }
      },
      "svg" : "bde65703-2270-e2fe-138b-80ebc6e33da2.svg"
    } ]
  },
  "version3.0" : {
    "customizationInfo" : {
      "surfaces" : [ {
        "name" : "Landscape Sign",
        "areas" : [ {
          "customizationType" : "Options",
          "name" : "Landscape Sign Background Color",
          "label" : "Landscape Sign Background Color",
          "optionValue" : "Red Landscape",
          "priceDelta" : {
            "value" : 0.0
          },
          "optionImage" : "https://m.media-amazon.com/images/S/gestalt-seller-images-prod-us-east-1/ATVPDKIKX0DER/A2CD880XWTZB7/615a9750-a899-4347-8315-f50927fff10c.jpg"
        }, {
          "customizationType" : "ImagePrinting",
          "Dimensions" : {
            "width" : 353,
            "height" : 265
          },
          "Position" : {
            "x" : 25,
            "y" : 32
          },
          "name" : "Customization 1",
          "svgImage" : "b4804258-df6b-ea2d-feb3-c29e37ac01ae.svg"
        }, {
          "customizationType" : "ImagePrinting",
          "Dimensions" : {
            "width" : 353,
            "height" : 265
          },
          "Position" : {
            "x" : 24,
            "y" : 31
          },
          "name" : "Customization 1",
          "svgImage" : "b4804258-df6b-ea2d-feb3-c29e37ac01ae.svg"
        }, {
          "customizationType" : "TextPrinting",
          "colorName" : "White",
          "fill" : "#ffffff",
          "fontFamily" : "Verdana",
          "Dimensions" : {
            "width" : 353,
            "height" : 264
          },
          "Position" : {
            "x" : 24,
            "y" : 31
          },
          "name" : "Text Input 2",
          "label" : "Custom Text Input 2",
          "text" : ""
        }, {
          "customizationType" : "ImagePrinting",
          "Dimensions" : {
            "width" : 353,
            "height" : 264
          },
          "Position" : {
            "x" : 24,
            "y" : 31
          },
          "name" : "Text Input 1",
          "svgImage" : "b4804258-df6b-ea2d-feb3-c29e37ac01ae.svg"
        }, {
          "customizationType" : "TextPrinting",
          "colorName" : "White",
          "fill" : "#ffffff",
          "fontFamily" : "Helvetica",
          "Dimensions" : {
            "width" : 353,
            "height" : 264
          },
          "Position" : {
            "x" : 24,
            "y" : 31
          },
          "name" : "Text Input 2",
          "label" : "Custom Text Input 4",
          "text" : ""
        }, {
          "customizationType" : "Options",
          "name" : "Add more Signs?",
          "label" : "Add more signs?",
          "optionValue" : "2 Total Signs ($14.50 ea)",
          "priceDelta" : {
            "value" : 4.0
          },
          "optionImage" : ""
        } ]
      }, {
        "name" : "Portrait Sign",
        "areas" : [ {
          "customizationType" : "Options",
          "name" : "Portrait Sign Background Color",
          "label" : "Portrait Sign Background Color",
          "optionValue" : ""
        }, {
          "customizationType" : "ImagePrinting",
          "Dimensions" : {
            "width" : 230,
            "height" : 305
          },
          "Position" : {
            "x" : 90,
            "y" : 12
          },
          "name" : "Image 1",
          "svgImage" : "bde65703-2270-e2fe-138b-80ebc6e33da2.svg"
        }, {
          "customizationType" : "TextPrinting",
          "colorName" : "Black",
          "fill" : "#000000",
          "fontFamily" : "Anton",
          "Dimensions" : {
            "width" : 230,
            "height" : 305
          },
          "Position" : {
            "x" : 90,
            "y" : 12
          },
          "name" : "Text Input 1",
          "label" : "Custom Text 1",
          "text" : ""
        }, {
          "customizationType" : "TextPrinting",
          "colorName" : "Black",
          "fill" : "#000000",
          "fontFamily" : "Anton",
          "Dimensions" : {
            "width" : 230,
            "height" : 305
          },
          "Position" : {
            "x" : 90,
            "y" : 12
          },
          "name" : "Text Input 2",
          "label" : "Custom Text 2",
          "text" : ""
        }, {
          "customizationType" : "TextPrinting",
          "colorName" : "Black",
          "fill" : "#000000",
          "fontFamily" : "Anton",
          "Dimensions" : {
            "width" : 230,
            "height" : 305
          },
          "Position" : {
            "x" : 90,
            "y" : 12
          },
          "name" : "Text Input 1",
          "label" : "Custom Text 3",
          "text" : ""
        }, {
          "customizationType" : "TextPrinting",
          "colorName" : "Black",
          "fill" : "#000000",
          "fontFamily" : "Anton",
          "Dimensions" : {
            "width" : 230,
            "height" : 305
          },
          "Position" : {
            "x" : 90,
            "y" : 12
          },
          "name" : "Text Input 2",
          "label" : "Custom Text 4",
          "text" : ""
        }, {
          "customizationType" : "Options",
          "name" : "Add more Signs?",
          "label" : "Add more signs?",
          "optionValue" : ""
        } ]
      } ]
    }
  }
}