{
  "orderId" : "113-5882641-4296217",
  "orderItemId" : "74583341655641",
  "legacyOrderItemId" : null,
  "merchantId" : "A2CD880XWTZB7",
  "marketplaceId" : "ATVPDKIKX0DER",
  "asin" : "B07X7KK9CH",
  "title" : "Personalize Custom Yard Sign 24\" x 18\", Metal H-Stake Included",
  "quantity" : 1,
  "customizationData" : {
    "type" : "PageContainerCustomization",
    "children" : [ {
      "type" : "PreviewContainerCustomization",
      "name" : "Landscape Sign",
      "label" : "Landscape Sign",
      "children" : [ {
        "type" : "FlatContainerCustomization",
        "children" : [ {
          "type" : "OptionCustomization",
          "name" : "Landscape Sign Background Color",
          "label" : "Landscape Sign Background Color",
          "optionSelection" : "",
          "displayValue" : null
        }, {
          "type" : "PlacementContainerCustomization",
          "name" : "Customization 1",
          "children" : [ {
            "type" : "ImageCustomization",
            "label" : "Image",
            "image" : {
              "imageName" : "5037eeb7-8a09-4b0f-bab0-402cb16d0614.jpg",
              "buyerFilename" : "5C1F5D64-2517-4355-810A-42D2AE6F551B.jpeg"
            }
          } ],
          "dimension" : {
            "width" : 353,
            "height" : 265
          },
          "position" : {
            "x" : 25,
            "y" : 32
          },
          "buyerPlacement" : {
            "position" : {
              "x" : 27.144772117962475,
              "y" : 102.90247989276136
            },
            "dimension" : {
              "width" : 1440,
              "height" : 1080
            },
            "scale" : {
              "scaleX" : 0.24513888888888888,
              "scaleY" : 0.24513888888888888
            },
            "angleOfRotation" : 0
          }
        }, {
          "type" : "ContainerCustomization",
          "name" : "Text Input",
          "children" : [ {
            "type" : "FontCustomization",
            "label" : "Choose Font Type",
            "fontSelection" : {
              "family" : "Anton"
            }
          }, {
            "type" : "ColorCustomization",
            "label" : "Choose Font Color",
            "colorSelection" : {
              "name" : "Black",
              "value" : "#000000",
              "colorModel" : "rgb"
            }
          }, {
            "type" : "ContainerCustomization",
            "children" : [ {
              "type" : "PlacementContainerCustomization",
              "name" : "Customization 1",
              "children" : [ {
                "type" : "TextCustomization",
                "label" : "Custom Text Input 1",
                "inputValue" : "WE SELL TRUCK BEDS!"
              } ],
              "dimension" : {
                "width" : 353,
                "height" : 265
              },
              "position" : {
                "x" : 24,
                "y" : 31
              },
              "buyerPlacement" : {
                "position" : {
                  "x" : 39.50775513154629,
                  "y" : 67.5828835759578
                },
                "dimension" : {
                  "width" : 1245.3874472966268,
                  "height" : 179.03624338624334
                },
                "scale" : {
                  "scaleX" : 0.2581270882873812,
                  "scaleY" : 0.2581270882873812
                },
                "angleOfRotation" : 0
              }
            }, {
              "type" : "PlacementContainerCustomization",
              "name" : "Text Input 2",
              "label" : "Text Input 2",
              "children" : [ {
                "type" : "TextCustomization",
                "label" : "Custom Text Input 2",
                "inputValue" : "(717)858-7688"
              } ],
              "dimension" : {
                "width" : 353,
                "height" : 264
              },
              "position" : {
                "x" : 24,
                "y" : 31
              },
              "buyerPlacement" : {
                "position" : {
                  "x" : 74.89747973051752,
                  "y" : 137.85983454246434
                },
                "dimension" : {
                  "width" : 895.1018105158728,
                  "height" : 178.36063492063485
                },
                "scale" : {
                  "scaleX" : 0.28033091507130203,
                  "scaleY" : 0.28033091507130203
                },
                "angleOfRotation" : 0
              }
            } ]
          } ]
        }, {
          "type" : "ContainerCustomization",
          "name" : "Text 2",
          "label" : "Text 2",
          "children" : [ {
            "type" : "FontCustomization",
            "name" : "",
            "label" : "Choose Font Type",
            "fontSelection" : {
              "family" : "Anton"
            }
          }, {
            "type" : "ColorCustomization",
            "name" : "",
            "label" : "Choose Font Color",
            "colorSelection" : {
              "name" : "Black",
              "value" : "#000000",
              "colorModel" : "rgb"
            }
          }, {
            "type" : "ContainerCustomization",
            "children" : [ {
              "type" : "PlacementContainerCustomization",
              "name" : "Text Input 1",
              "label" : "Text Input 1",
              "children" : [ {
                "type" : "TextCustomization",
                "name" : "",
                "label" : "Custom Text Input 3",
                "inputValue" : ""
              } ],
              "dimension" : {
                "width" : 353,
                "height" : 264
              },
              "position" : {
                "x" : 24,
                "y" : 31
              }
            }, {
              "type" : "PlacementContainerCustomization",
              "name" : "Text Input 2",
              "label" : "Text Input 2",
              "children" : [ {
                "type" : "TextCustomization",
                "name" : "",
                "label" : "Custom Text Input 4",
                "inputValue" : ""
              } ],
              "dimension" : {
                "width" : 353,
                "height" : 264
              },
              "position" : {
                "x" : 24,
                "y" : 31
              }
            } ]
          } ]
        }, {
          "type" : "OptionCustomization",
          "name" : "Add more Signs?",
          "label" : "Add more signs?",
          "optionSelection" : {
            "name" : "2 Total Signs ($14.50 ea)",
            "label" : "2 Total Signs ($14.50 ea)",
            "additionalCost" : {
              "amount" : 4
            },
            "thumbnailImage" : {
              "imageUrl" : "https://m.media-amazon.com/images/S/gestalt-seller-images-prod-us-east-1/ATVPDKIKX0DER/A2CD880XWTZB7/12be9d97-dfb3-4310-b7c0-b51abb6a177c.jpg",
              "dimension" : {
                "width" : 576,
                "height" : 576
              }
            }
          },
          "displayValue" : "2 Total Signs ($14.50 ea)"
        } ]
      } ],
      "baseImage" : {
        "imageUrl" : "https://m.media-amazon.com/images/S/gestalt-seller-images-prod-us-east-1/ATVPDKIKX0DER/A2CD880XWTZB7/76a584ad-57b5-4e20-b085-02eccbe51e66.jpg",
        "dimension" : {
          "width" : 400,
          "height" : 400
        }
      },
      "snapshot" : {
        "imageName" : "fbcca063-0c5b-fd27-7ed9-a3ef4730914a.jpg",
        "dimension" : {
          "width" : 400,
          "height" : 400
        }
      },
      "svg" : "e7e6d6b0-dd71-e5b5-a048-d869ad3939e8.svg"
    }, {
      "type" : "PreviewContainerCustomization",
      "name" : "Portrait Sign",
      "label" : "Portrait Sign",
      "children" : [ {
        "type" : "FlatContainerCustomization",
        "children" : [ {
          "type" : "OptionCustomization",
          "name" : "Portrait Sign Background Color",
          "label" : "Portrait Sign Background Color",
          "optionSelection" : "",
          "displayValue" : null
        }, {
          "type" : "PlacementContainerCustomization",
          "name" : "Image 1",
          "label" : "Image 1",
          "children" : [ {
            "type" : "ImageCustomization",
            "name" : "",
            "label" : "Image Upload"
          } ],
          "dimension" : {
            "width" : 230,
            "height" : 305
          },
          "position" : {
            "x" : 90,
            "y" : 12
          }
        }, {
          "type" : "ContainerCustomization",
          "name" : "Text 1",
          "label" : "Text 1",
          "children" : [ {
            "type" : "FontCustomization",
            "name" : "",
            "label" : "Choose Font Type",
            "fontSelection" : {
              "family" : "Anton"
            }
          }, {
            "type" : "ColorCustomization",
            "name" : "",
            "label" : "Choose Font Color",
            "colorSelection" : {
              "name" : "Black",
              "value" : "#000000",
              "colorModel" : "rgb"
            }
          }, {
            "type" : "ContainerCustomization",
            "children" : [ {
              "type" : "PlacementContainerCustomization",
              "name" : "Text Input 1",
              "label" : "Text Input 1",
              "children" : [ {
                "type" : "TextCustomization",
                "name" : "",
                "label" : "Custom Text 1",
                "inputValue" : ""
              } ],
              "dimension" : {
                "width" : 230,
                "height" : 305
              },
              "position" : {
                "x" : 90,
                "y" : 12
              }
            }, {
              "type" : "PlacementContainerCustomization",
              "name" : "Text Input 2",
              "label" : "Text Input 2",
              "children" : [ {
                "type" : "TextCustomization",
                "name" : "",
                "label" : "Custom Text 2",
                "inputValue" : ""
              } ],
              "dimension" : {
                "width" : 230,
                "height" : 305
              },
              "position" : {
                "x" : 90,
                "y" : 12
              }
            } ]
          } ]
        }, {
          "type" : "ContainerCustomization",
          "name" : "Text 2",
          "label" : "Text 2",
          "children" : [ {
            "type" : "FontCustomization",
            "name" : "",
            "label" : "Choose Font Type",
            "fontSelection" : {
              "family" : "Anton"
            }
          }, {
            "type" : "ColorCustomization",
            "name" : "",
            "label" : "Choose Font Color",
            "colorSelection" : {
              "name" : "Black",
              "value" : "#000000",
              "colorModel" : "rgb"
            }
          }, {
            "type" : "ContainerCustomization",
            "children" : [ {
              "type" : "PlacementContainerCustomization",
              "name" : "Text Input 1",
              "label" : "Text Input 1",
              "children" : [ {
                "type" : "TextCustomization",
                "name" : "",
                "label" : "Custom Text 3",
                "inputValue" : ""
              } ],
              "dimension" : {
                "width" : 230,
                "height" : 305
              },
              "position" : {
                "x" : 90,
                "y" : 12
              }
            }, {
              "type" : "PlacementContainerCustomization",
              "name" : "Text Input 2",
              "label" : "Text Input 2",
              "children" : [ {
                "type" : "TextCustomization",
                "name" : "",
                "label" : "Custom Text 4",
                "inputValue" : ""
              } ],
              "dimension" : {
                "width" : 230,
                "height" : 305
              },
              "position" : {
                "x" : 90,
                "y" : 12
              }
            } ]
          } ]
        }, {
          "type" : "OptionCustomization",
          "name" : "Add more Signs?",
          "label" : "Add more signs?",
          "optionSelection" : "",
          "displayValue" : null
        } ]
      } ],
      "baseImage" : {
        "imageUrl" : "https://m.media-amazon.com/images/S/gestalt-seller-images-prod-us-east-1/ATVPDKIKX0DER/A2CD880XWTZB7/373bbafb-c037-4c1f-b581-691d7e3defa9.jpg",
        "dimension" : {
          "width" : 400,
          "height" : 400
        }
      },
      "snapshot" : {
        "imageName" : "35f8d792-f82d-7c38-ee73-2d3ba8240723.jpg",
        "dimension" : {
          "width" : 400,
          "height" : 400
        }
      },
      "svg" : "38d4507f-0471-5702-1d19-8ea4a4ff94d8.svg"
    } ]
  },
  "version3.0" : {
    "customizationInfo" : {
      "surfaces" : [ {
        "name" : "Landscape Sign",
        "areas" : [ {
          "customizationType" : "Options",
          "name" : "Landscape Sign Background Color",
          "label" : "Landscape Sign Background Color",
          "optionValue" : ""
        }, {
          "customizationType" : "ImagePrinting",
          "Dimensions" : {
            "width" : 353,
            "height" : 265
          },
          "Position" : {
            "x" : 25,
            "y" : 32
          },
          "name" : "Customization 1",
          "svgImage" : "e7e6d6b0-dd71-e5b5-a048-d869ad3939e8.svg"
        }, {
          "customizationType" : "ImagePrinting",
          "Dimensions" : {
            "width" : 353,
            "height" : 265
          },
          "Position" : {
            "x" : 24,
            "y" : 31
          },
          "name" : "Customization 1",
          "svgImage" : "e7e6d6b0-dd71-e5b5-a048-d869ad3939e8.svg"
        }, {
          "customizationType" : "ImagePrinting",
          "Dimensions" : {
            "width" : 353,
            "height" : 264
          },
          "Position" : {
            "x" : 24,
            "y" : 31
          },
          "name" : "Text Input 2",
          "svgImage" : "e7e6d6b0-dd71-e5b5-a048-d869ad3939e8.svg"
        }, {
          "customizationType" : "TextPrinting",
          "colorName" : "Black",
          "fill" : "#000000",
          "fontFamily" : "Anton",
          "Dimensions" : {
            "width" : 353,
            "height" : 264
          },
          "Position" : {
            "x" : 24,
            "y" : 31
          },
          "name" : "Text Input 1",
          "label" : "Custom Text Input 3",
          "text" : ""
        }, {
          "customizationType" : "TextPrinting",
          "colorName" : "Black",
          "fill" : "#000000",
          "fontFamily" : "Anton",
          "Dimensions" : {
            "width" : 353,
            "height" : 264
          },
          "Position" : {
            "x" : 24,
            "y" : 31
          },
          "name" : "Text Input 2",
          "label" : "Custom Text Input 4",
          "text" : ""
        }, {
          "customizationType" : "Options",
          "name" : "Add more Signs?",
          "label" : "Add more signs?",
          "optionValue" : "2 Total Signs ($14.50 ea)",
          "priceDelta" : {
            "value" : 4.0
          },
          "optionImage" : ""
        } ]
      }, {
        "name" : "Portrait Sign",
        "areas" : [ {
          "customizationType" : "Options",
          "name" : "Portrait Sign Background Color",
          "label" : "Portrait Sign Background Color",
          "optionValue" : ""
        }, {
          "customizationType" : "ImagePrinting",
          "Dimensions" : {
            "width" : 230,
            "height" : 305
          },
          "Position" : {
            "x" : 90,
            "y" : 12
          },
          "name" : "Image 1",
          "svgImage" : "38d4507f-0471-5702-1d19-8ea4a4ff94d8.svg"
        }, {
          "customizationType" : "TextPrinting",
          "colorName" : "Black",
          "fill" : "#000000",
          "fontFamily" : "Anton",
          "Dimensions" : {
            "width" : 230,
            "height" : 305
          },
          "Position" : {
            "x" : 90,
            "y" : 12
          },
          "name" : "Text Input 1",
          "label" : "Custom Text 1",
          "text" : ""
        }, {
          "customizationType" : "TextPrinting",
          "colorName" : "Black",
          "fill" : "#000000",
          "fontFamily" : "Anton",
          "Dimensions" : {
            "width" : 230,
            "height" : 305
          },
          "Position" : {
            "x" : 90,
            "y" : 12
          },
          "name" : "Text Input 2",
          "label" : "Custom Text 2",
          "text" : ""
        }, {
          "customizationType" : "TextPrinting",
          "colorName" : "Black",
          "fill" : "#000000",
          "fontFamily" : "Anton",
          "Dimensions" : {
            "width" : 230,
            "height" : 305
          },
          "Position" : {
            "x" : 90,
            "y" : 12
          },
          "name" : "Text Input 1",
          "label" : "Custom Text 3",
          "text" : ""
        }, {
          "customizationType" : "TextPrinting",
          "colorName" : "Black",
          "fill" : "#000000",
          "fontFamily" : "Anton",
          "Dimensions" : {
            "width" : 230,
            "height" : 305
          },
          "Position" : {
            "x" : 90,
            "y" : 12
          },
          "name" : "Text Input 2",
          "label" : "Custom Text 4",
          "text" : ""
        }, {
          "customizationType" : "Options",
          "name" : "Add more Signs?",
          "label" : "Add more signs?",
          "optionValue" : ""
        } ]
      } ]
    }
  }
}