{
  "orderId" : "113-2566963-9146607",
  "orderItemId" : "74466729583441",
  "legacyOrderItemId" : null,
  "merchantId" : "A2CD880XWTZB7",
  "marketplaceId" : "ATVPDKIKX0DER",
  "asin" : "B07X7KK9CH",
  "title" : "Personalize Custom Yard Sign 24\" x 18\", Metal H-Stake Included",
  "quantity" : 4,
  "customizationData" : {
    "type" : "PageContainerCustomization",
    "children" : [ {
      "type" : "PreviewContainerCustomization",
      "name" : "Landscape Sign",
      "label" : "Landscape Sign",
      "children" : [ {
        "type" : "FlatContainerCustomization",
        "children" : [ {
          "type" : "OptionCustomization",
          "name" : "Landscape Sign Background Color",
          "label" : "Landscape Sign Background Color",
          "optionSelection" : "",
          "displayValue" : null
        }, {
          "type" : "PlacementContainerCustomization",
          "name" : "Customization 1",
          "children" : [ {
            "type" : "ImageCustomization",
            "label" : "Image",
            "image" : {
              "imageName" : "58c4e40d-6d36-4884-8a2b-110da903bb33.png",
              "buyerFilename" : "View recent photos.png"
            }
          } ],
          "dimension" : {
            "width" : 353,
            "height" : 265
          },
          "position" : {
            "x" : 25,
            "y" : 32
          },
          "buyerPlacement" : {
            "position" : {
              "x" : 114.56027374526666,
              "y" : 34.16216216216213
            },
            "dimension" : {
              "width" : 1154,
              "height" : 1127
            },
            "scale" : {
              "scaleX" : 0.14760323081892884,
              "scaleY" : 0.14760323081892884
            },
            "angleOfRotation" : 0
          }
        }, {
          "type" : "ContainerCustomization",
          "name" : "Text Input",
          "children" : [ {
            "type" : "FontCustomization",
            "label" : "Choose Font Type",
            "fontSelection" : {
              "family" : "Abril Fatface"
            }
          }, {
            "type" : "ColorCustomization",
            "label" : "Choose Font Color",
            "colorSelection" : {
              "name" : "Black",
              "value" : "#000000",
              "colorModel" : "rgb"
            }
          }, {
            "type" : "ContainerCustomization",
            "children" : [ {
              "type" : "PlacementContainerCustomization",
              "name" : "Customization 1",
              "children" : [ {
                "type" : "TextCustomization",
                "label" : "Custom Text Input 1",
                "inputValue" : "Enroll today 1.773.386.1298"
              } ],
              "dimension" : {
                "width" : 353,
                "height" : 265
              },
              "position" : {
                "x" : 24,
                "y" : 31
              },
              "buyerPlacement" : {
                "position" : {
                  "x" : 71.83165272382605,
                  "y" : 190.53474880774692
                },
                "dimension" : {
                  "width" : 2368.8566652297973,
                  "height" : 212.81666666666663
                },
                "scale" : {
                  "scaleX" : 0.1042873884635527,
                  "scaleY" : 0.1042873884635527
                },
                "angleOfRotation" : 1.095005461454093
              }
            }, {
              "type" : "PlacementContainerCustomization",
              "name" : "Text Input 2",
              "label" : "Text Input 2",
              "children" : [ {
                "type" : "TextCustomization",
                "label" : "Custom Text Input 2",
                "inputValue" : "Doggy Daycare, Boarding and walks available."
              } ],
              "dimension" : {
                "width" : 353,
                "height" : 264
              },
              "position" : {
                "x" : 24,
                "y" : 31
              },
              "buyerPlacement" : {
                "position" : {
                  "x" : 39.25627225429713,
                  "y" : 225.2197257772925
                },
                "dimension" : {
                  "width" : 3933.6963312314606,
                  "height" : 212.01358490566034
                },
                "scale" : {
                  "scaleX" : 0.08037041699673264,
                  "scaleY" : 0.08037041699673268
                },
                "angleOfRotation" : 0.4449292167444128
              }
            } ]
          } ]
        }, {
          "type" : "ContainerCustomization",
          "name" : "Text 2",
          "label" : "Text 2",
          "children" : [ {
            "type" : "FontCustomization",
            "name" : "",
            "label" : "Choose Font Type",
            "fontSelection" : {
              "family" : "Anton"
            }
          }, {
            "type" : "ColorCustomization",
            "name" : "",
            "label" : "Choose Font Color",
            "colorSelection" : {
              "name" : "Black",
              "value" : "#000000",
              "colorModel" : "rgb"
            }
          }, {
            "type" : "ContainerCustomization",
            "children" : [ {
              "type" : "PlacementContainerCustomization",
              "name" : "Text Input 1",
              "label" : "Text Input 1",
              "children" : [ {
                "type" : "TextCustomization",
                "name" : "",
                "label" : "Custom Text Input 3",
                "inputValue" : ""
              } ],
              "dimension" : {
                "width" : 353,
                "height" : 264
              },
              "position" : {
                "x" : 24,
                "y" : 31
              }
            }, {
              "type" : "PlacementContainerCustomization",
              "name" : "Text Input 2",
              "label" : "Text Input 2",
              "children" : [ {
                "type" : "TextCustomization",
                "name" : "",
                "label" : "Custom Text Input 4",
                "inputValue" : ""
              } ],
              "dimension" : {
                "width" : 353,
                "height" : 264
              },
              "position" : {
                "x" : 24,
                "y" : 31
              }
            } ]
          } ]
        }, {
          "type" : "OptionCustomization",
          "name" : "Add more Signs?",
          "label" : "Add more signs?",
          "optionSelection" : "",
          "displayValue" : null
        } ]
      } ],
      "baseImage" : {
        "imageUrl" : "https://m.media-amazon.com/images/S/gestalt-seller-images-prod-us-east-1/ATVPDKIKX0DER/A2CD880XWTZB7/76a584ad-57b5-4e20-b085-02eccbe51e66.jpg",
        "dimension" : {
          "width" : 400,
          "height" : 400
        }
      },
      "snapshot" : {
        "imageName" : "860f21b6-dda0-1f23-1176-ef3e869e637d.jpg",
        "dimension" : {
          "width" : 400,
          "height" : 400
        }
      },
      "svg" : "8f035245-45aa-da44-1d1d-695d63b2ec00.svg"
    }, {
      "type" : "PreviewContainerCustomization",
      "name" : "Portrait Sign",
      "label" : "Portrait Sign",
      "children" : [ {
        "type" : "FlatContainerCustomization",
        "children" : [ {
          "type" : "OptionCustomization",
          "name" : "Portrait Sign Background Color",
          "label" : "Portrait Sign Background Color",
          "optionSelection" : "",
          "displayValue" : null
        }, {
          "type" : "PlacementContainerCustomization",
          "name" : "Image 1",
          "label" : "Image 1",
          "children" : [ {
            "type" : "ImageCustomization",
            "name" : "",
            "label" : "Image Upload"
          } ],
          "dimension" : {
            "width" : 230,
            "height" : 305
          },
          "position" : {
            "x" : 90,
            "y" : 12
          }
        }, {
          "type" : "ContainerCustomization",
          "name" : "Text 1",
          "label" : "Text 1",
          "children" : [ {
            "type" : "FontCustomization",
            "name" : "",
            "label" : "Choose Font Type",
            "fontSelection" : {
              "family" : "Anton"
            }
          }, {
            "type" : "ColorCustomization",
            "name" : "",
            "label" : "Choose Font Color",
            "colorSelection" : {
              "name" : "Black",
              "value" : "#000000",
              "colorModel" : "rgb"
            }
          }, {
            "type" : "ContainerCustomization",
            "children" : [ {
              "type" : "PlacementContainerCustomization",
              "name" : "Text Input 1",
              "label" : "Text Input 1",
              "children" : [ {
                "type" : "TextCustomization",
                "name" : "",
                "label" : "Custom Text 1",
                "inputValue" : ""
              } ],
              "dimension" : {
                "width" : 230,
                "height" : 305
              },
              "position" : {
                "x" : 90,
                "y" : 12
              }
            }, {
              "type" : "PlacementContainerCustomization",
              "name" : "Text Input 2",
              "label" : "Text Input 2",
              "children" : [ {
                "type" : "TextCustomization",
                "name" : "",
                "label" : "Custom Text 2",
                "inputValue" : ""
              } ],
              "dimension" : {
                "width" : 230,
                "height" : 305
              },
              "position" : {
                "x" : 90,
                "y" : 12
              }
            } ]
          } ]
        }, {
          "type" : "ContainerCustomization",
          "name" : "Text 2",
          "label" : "Text 2",
          "children" : [ {
            "type" : "FontCustomization",
            "name" : "",
            "label" : "Choose Font Type",
            "fontSelection" : {
              "family" : "Anton"
            }
          }, {
            "type" : "ColorCustomization",
            "name" : "",
            "label" : "Choose Font Color",
            "colorSelection" : {
              "name" : "Black",
              "value" : "#000000",
              "colorModel" : "rgb"
            }
          }, {
            "type" : "ContainerCustomization",
            "children" : [ {
              "type" : "PlacementContainerCustomization",
              "name" : "Text Input 1",
              "label" : "Text Input 1",
              "children" : [ {
                "type" : "TextCustomization",
                "name" : "",
                "label" : "Custom Text 3",
                "inputValue" : ""
              } ],
              "dimension" : {
                "width" : 230,
                "height" : 305
              },
              "position" : {
                "x" : 90,
                "y" : 12
              }
            }, {
              "type" : "PlacementContainerCustomization",
              "name" : "Text Input 2",
              "label" : "Text Input 2",
              "children" : [ {
                "type" : "TextCustomization",
                "name" : "",
                "label" : "Custom Text 4",
                "inputValue" : ""
              } ],
              "dimension" : {
                "width" : 230,
                "height" : 305
              },
              "position" : {
                "x" : 90,
                "y" : 12
              }
            } ]
          } ]
        }, {
          "type" : "OptionCustomization",
          "name" : "Add more Signs?",
          "label" : "Add more signs?",
          "optionSelection" : "",
          "displayValue" : null
        } ]
      } ],
      "baseImage" : {
        "imageUrl" : "https://m.media-amazon.com/images/S/gestalt-seller-images-prod-us-east-1/ATVPDKIKX0DER/A2CD880XWTZB7/373bbafb-c037-4c1f-b581-691d7e3defa9.jpg",
        "dimension" : {
          "width" : 400,
          "height" : 400
        }
      },
      "snapshot" : {
        "imageName" : "61e7f754-02ae-4e26-a644-c7df06a09270.jpg",
        "dimension" : {
          "width" : 400,
          "height" : 400
        }
      },
      "svg" : "c311db7b-b106-49ce-b3dd-d8c68bfae062.svg"
    } ]
  },
  "version3.0" : {
    "customizationInfo" : {
      "surfaces" : [ {
        "name" : "Landscape Sign",
        "areas" : [ {
          "customizationType" : "Options",
          "name" : "Landscape Sign Background Color",
          "label" : "Landscape Sign Background Color",
          "optionValue" : ""
        }, {
          "customizationType" : "ImagePrinting",
          "Dimensions" : {
            "width" : 353,
            "height" : 265
          },
          "Position" : {
            "x" : 25,
            "y" : 32
          },
          "name" : "Customization 1",
          "svgImage" : "8f035245-45aa-da44-1d1d-695d63b2ec00.svg"
        }, {
          "customizationType" : "ImagePrinting",
          "Dimensions" : {
            "width" : 353,
            "height" : 265
          },
          "Position" : {
            "x" : 24,
            "y" : 31
          },
          "name" : "Customization 1",
          "svgImage" : "8f035245-45aa-da44-1d1d-695d63b2ec00.svg"
        }, {
          "customizationType" : "ImagePrinting",
          "Dimensions" : {
            "width" : 353,
            "height" : 264
          },
          "Position" : {
            "x" : 24,
            "y" : 31
          },
          "name" : "Text Input 2",
          "svgImage" : "8f035245-45aa-da44-1d1d-695d63b2ec00.svg"
        }, {
          "customizationType" : "TextPrinting",
          "colorName" : "Black",
          "fill" : "#000000",
          "fontFamily" : "Anton",
          "Dimensions" : {
            "width" : 353,
            "height" : 264
          },
          "Position" : {
            "x" : 24,
            "y" : 31
          },
          "name" : "Text Input 1",
          "label" : "Custom Text Input 3",
          "text" : ""
        }, {
          "customizationType" : "TextPrinting",
          "colorName" : "Black",
          "fill" : "#000000",
          "fontFamily" : "Anton",
          "Dimensions" : {
            "width" : 353,
            "height" : 264
          },
          "Position" : {
            "x" : 24,
            "y" : 31
          },
          "name" : "Text Input 2",
          "label" : "Custom Text Input 4",
          "text" : ""
        }, {
          "customizationType" : "Options",
          "name" : "Add more Signs?",
          "label" : "Add more signs?",
          "optionValue" : ""
        } ]
      }, {
        "name" : "Portrait Sign",
        "areas" : [ {
          "customizationType" : "Options",
          "name" : "Portrait Sign Background Color",
          "label" : "Portrait Sign Background Color",
          "optionValue" : ""
        }, {
          "customizationType" : "ImagePrinting",
          "Dimensions" : {
            "width" : 230,
            "height" : 305
          },
          "Position" : {
            "x" : 90,
            "y" : 12
          },
          "name" : "Image 1",
          "svgImage" : "c311db7b-b106-49ce-b3dd-d8c68bfae062.svg"
        }, {
          "customizationType" : "TextPrinting",
          "colorName" : "Black",
          "fill" : "#000000",
          "fontFamily" : "Anton",
          "Dimensions" : {
            "width" : 230,
            "height" : 305
          },
          "Position" : {
            "x" : 90,
            "y" : 12
          },
          "name" : "Text Input 1",
          "label" : "Custom Text 1",
          "text" : ""
        }, {
          "customizationType" : "TextPrinting",
          "colorName" : "Black",
          "fill" : "#000000",
          "fontFamily" : "Anton",
          "Dimensions" : {
            "width" : 230,
            "height" : 305
          },
          "Position" : {
            "x" : 90,
            "y" : 12
          },
          "name" : "Text Input 2",
          "label" : "Custom Text 2",
          "text" : ""
        }, {
          "customizationType" : "TextPrinting",
          "colorName" : "Black",
          "fill" : "#000000",
          "fontFamily" : "Anton",
          "Dimensions" : {
            "width" : 230,
            "height" : 305
          },
          "Position" : {
            "x" : 90,
            "y" : 12
          },
          "name" : "Text Input 1",
          "label" : "Custom Text 3",
          "text" : ""
        }, {
          "customizationType" : "TextPrinting",
          "colorName" : "Black",
          "fill" : "#000000",
          "fontFamily" : "Anton",
          "Dimensions" : {
            "width" : 230,
            "height" : 305
          },
          "Position" : {
            "x" : 90,
            "y" : 12
          },
          "name" : "Text Input 2",
          "label" : "Custom Text 4",
          "text" : ""
        }, {
          "customizationType" : "Options",
          "name" : "Add more Signs?",
          "label" : "Add more signs?",
          "optionValue" : ""
        } ]
      } ]
    }
  }
}