{
  "orderId" : "114-8549521-9137854",
  "orderItemId" : "75716623832401",
  "legacyOrderItemId" : null,
  "merchantId" : "A3UC3J3MEO7GRU",
  "marketplaceId" : "ATVPDKIKX0DER",
  "asin" : "B0B44SKHT3",
  "title" : "M&R 2 Sided! Two (2) Pack - Eggs for Sale - Add Your Custom Text - Two Mini Signs 1x1.5' 12 x 18-inch Horizontal Yard Sign (Outdoor, Weatherproof Corrugated Plastic) Metal Stake Included",
  "quantity" : 1,
  "customizationData" : {
    "type" : "PageContainerCustomization",
    "children" : [ {
      "type" : "PreviewContainerCustomization",
      "name" : "Surface 1",
      "label" : "Surface 1",
      "children" : [ {
        "type" : "FlatContainerCustomization",
        "children" : [ {
          "type" : "ContainerCustomization",
          "name" : "Text 1",
          "label" : "Text 1",
          "children" : [ {
            "type" : "FontCustomization",
            "label" : "Text",
            "fontSelection" : {
              "family" : "Alfa Slab One"
            }
          }, {
            "type" : "ColorCustomization",
            "label" : "Text Color",
            "colorSelection" : {
              "name" : "Black",
              "value" : "#000000",
              "colorModel" : "rgb"
            }
          }, {
            "type" : "ContainerCustomization",
            "children" : [ {
              "type" : "PlacementContainerCustomization",
              "name" : "Text Input 1",
              "label" : "Text Input 1",
              "children" : [ {
                "type" : "TextCustomization",
                "label" : "Text",
                "inputValue" : "3.00 a dozen"
              } ],
              "dimension" : {
                "width" : 338,
                "height" : 50
              },
              "position" : {
                "x" : 31,
                "y" : 199
              },
              "buyerPlacement" : {
                "position" : {
                  "x" : 83.484357877743,
                  "y" : 203.91564417177915
                },
                "dimension" : {
                  "width" : 232.03128424451396,
                  "height" : 39.16871165644172
                },
                "scale" : {
                  "scaleX" : 1,
                  "scaleY" : 1
                },
                "angleOfRotation" : 0
              }
            } ]
          } ]
        } ]
      } ],
      "baseImage" : {
        "imageUrl" : "https://m.media-amazon.com/images/S/gestalt-seller-images-prod-us-east-1/ATVPDKIKX0DER/A3UC3J3MEO7GRU/a5a01c3e-775d-403d-a35d-70367cf71620.png",
        "dimension" : {
          "width" : 400,
          "height" : 400
        }
      },
      "snapshot" : {
        "imageName" : "626be9a1-2033-0fed-65ca-3fed16673891.jpg",
        "dimension" : {
          "width" : 400,
          "height" : 400
        }
      },
      "svg" : "1b4df222-89f6-de1a-1fbf-060b0e6f61f9.svg"
    } ]
  },
  "version3.0" : {
    "customizationInfo" : {
      "surfaces" : [ {
        "name" : "Surface 1",
        "areas" : [ {
          "customizationType" : "ImagePrinting",
          "Dimensions" : {
            "width" : 338,
            "height" : 50
          },
          "Position" : {
            "x" : 31,
            "y" : 199
          },
          "name" : "Text Input 1",
          "svgImage" : "1b4df222-89f6-de1a-1fbf-060b0e6f61f9.svg"
        } ]
      } ]
    }
  }
}