<data><marketplaceId>ATVPDKIKX0DER</marketplaceId><quantity>1</quantity><orderId>114-8549521-9137854</orderId><merchantId>A3UC3J3MEO7GRU</merchantId><customizationData><children><children><children><children><label>Text</label><type>FontCustomization</type><fontSelection><family>Alfa Slab One</family></fontSelection></children><children><colorSelection><name>Black</name><colorModel>rgb</colorModel><value>#000000</value></colorSelection><label>Text Color</label><type>ColorCustomization</type></children><children><children><children><inputValue>3.00 a dozen</inputValue><label>Text</label><type>TextCustomization</type></children><name>Text Input 1</name><label>Text Input 1</label><position><x>31</x><y>199</y></position><type>PlacementContainerCustomization</type><dimension><width>338</width><height>50</height></dimension><buyerPlacement><scale><scaleX>1</scaleX><scaleY>1</scaleY></scale><position><x>83.484357877743</x><y>203.91564417177915</y></position><dimension><width>232.03128424451396</width><height>39.16871165644172</height></dimension><angleOfRotation>0</angleOfRotation></buyerPlacement></children><type>ContainerCustomization</type></children><name>Text 1</name><label>Text 1</label><type>ContainerCustomization</type></children><type>FlatContainerCustomization</type></children><svg>1b4df222-89f6-de1a-1fbf-060b0e6f61f9.svg</svg><name>Surface 1</name><baseImage><imageUrl>https://m.media-amazon.com/images/S/gestalt-seller-images-prod-us-east-1/ATVPDKIKX0DER/A3UC3J3MEO7GRU/a5a01c3e-775d-403d-a35d-70367cf71620.png</imageUrl><dimension><width>400</width><height>400</height></dimension></baseImage><label>Surface 1</label><type>PreviewContainerCustomization</type><snapshot><imageName>626be9a1-2033-0fed-65ca-3fed16673891.jpg</imageName><dimension><width>400</width><height>400</height></dimension></snapshot></children><type>PageContainerCustomization</type></customizationData><version3.0><customizationInfo><surfaces><name>Surface 1</name><areas><Position><x>31</x><y>199</y></Position><svgImage>1b4df222-89f6-de1a-1fbf-060b0e6f61f9.svg</svgImage><name>Text Input 1</name><Dimensions><width>338</width><height>50</height></Dimensions><customizationType>ImagePrinting</customizationType></areas></surfaces></customizationInfo></version3.0><orderItemId>75716623832401</orderItemId><asin>B0B44SKHT3</asin><title>M&amp;R 2 Sided! Two (2) Pack - Eggs for Sale - Add Your Custom Text - Two Mini Signs 1x1.5&apos; 12 x 18-inch Horizontal Yard Sign (Outdoor, Weatherproof Corrugated Plastic) Metal Stake Included</title><legacyOrderItemId>null</legacyOrderItemId></data>