<data><marketplaceId>ATVPDKIKX0DER</marketplaceId><quantity>1</quantity><orderId>113-4542371-2432201</orderId><merchantId>A2CD880XWTZB7</merchantId><customizationData><children><children><children><displayValue>White Landscape</displayValue><name>Landscape Sign Background Color</name><label>Landscape Sign Background Color</label><type>OptionCustomization</type><optionSelection><name>White Landscape</name><overlayImage><imageUrl>https://m.media-amazon.com/images/S/gestalt-seller-images-prod-us-east-1/ATVPDKIKX0DER/A2CD880XWTZB7/fb5d0f80-6a39-4114-a06a-e6c1eec5563c.jpg</imageUrl><dimension><width>400</width><height>400</height></dimension></overlayImage><label>White Landscape</label><thumbnailImage><imageUrl>https://m.media-amazon.com/images/S/gestalt-seller-images-prod-us-east-1/ATVPDKIKX0DER/A2CD880XWTZB7/a9a485f4-260b-4951-bfaf-e48e454317d5.jpg</imageUrl><dimension><width>400</width><height>400</height></dimension></thumbnailImage><additionalCost><amount>0</amount></additionalCost></optionSelection></children><children><children><label>Image</label><type>ImageCustomization</type></children><name>Customization 1</name><position><x>25</x><y>32</y></position><type>PlacementContainerCustomization</type><dimension><width>353</width><height>265</height></dimension></children><children><children><label>Choose Font Type</label><type>FontCustomization</type><fontSelection><family>Anton</family></fontSelection></children><children><colorSelection><name>Black</name><colorModel>rgb</colorModel><value>#000000</value></colorSelection><label>Choose Font Color</label><type>ColorCustomization</type></children><children><children><children><inputValue>FOR THE LOVE OF GOD, </inputValue><label>Custom Text Input 1</label><type>TextCustomization</type></children><name>Customization 1</name><position><x>24</x><y>31</y></position><type>PlacementContainerCustomization</type><dimension><width>353</width><height>265</height></dimension><buyerPlacement><scale><scaleX>0.27202292474401074</scaleX><scaleY>0.27202292474401074</scaleY></scale><position><x>24</x><y>31.693697919912537</y></position><dimension><width>1297.68474599041</width><height>179.03624338624334</height></dimension><angleOfRotation>0</angleOfRotation></buyerPlacement></children><children><children><inputValue>DO NOT LEAVE 
WITH THOSE KEYS! </inputValue><label>Custom Text Input 2</label><type>TextCustomization</type></children><name>Text Input 2</name><label>Text Input 2</label><position><x>24</x><y>31</y></position><type>PlacementContainerCustomization</type><dimension><width>353</width><height>264</height></dimension><buyerPlacement><scale><scaleX>0.18595251103389815</scaleX><scaleY>0.18595251103389815</scaleY></scale><position><x>94.11439067708324</x><y>88.9284917442412</y></position><dimension><width>1074.985367063492</width><height>385.2589714285713</height></dimension><angleOfRotation>0</angleOfRotation></buyerPlacement></children><type>ContainerCustomization</type></children><name>Text Input</name><type>ContainerCustomization</type></children><children><children><name/><label>Choose Font Type</label><type>FontCustomization</type><fontSelection><family>Anton</family></fontSelection></children><children><colorSelection><name>Black</name><colorModel>rgb</colorModel><value>#000000</value></colorSelection><name/><label>Choose Font Color</label><type>ColorCustomization</type></children><children><children><children><name/><inputValue>SERIOUSLY, DON&apos;T DO IT! </inputValue><label>Custom Text Input 3</label><type>TextCustomization</type></children><name>Text Input 1</name><label>Text Input 1</label><position><x>24</x><y>31</y></position><type>PlacementContainerCustomization</type><dimension><width>353</width><height>264</height></dimension><buyerPlacement><scale><scaleX>0.25124499721755045</scaleX><scaleY>0.25124499721755045</scaleY></scale><position><x>24</x><y>182.79265898120917</y></position><dimension><width>1405.003100198413</width><height>178.36063492063485</height></dimension><angleOfRotation>0</angleOfRotation></buyerPlacement></children><children><children><name/><inputValue>LEAVE THE KEYS HERE!! </inputValue><label>Custom Text Input 4</label><type>TextCustomization</type></children><name>Text Input 2</name><label>Text Input 2</label><position><x>24</x><y>31</y></position><type>PlacementContainerCustomization</type><dimension><width>353</width><height>264</height></dimension><buyerPlacement><scale><scaleX>0.26237018383891547</scaleX><scaleY>0.26237018383891547</scaleY></scale><position><x>26.9730081744126</x><y>247.1596995634077</y></position><dimension><width>1333.0959201388887</width><height>178.36063492063485</height></dimension><angleOfRotation>0</angleOfRotation></buyerPlacement></children><type>ContainerCustomization</type></children><name>Text 2</name><label>Text 2</label><type>ContainerCustomization</type></children><children><displayValue>2 Total Signs ($14.50 ea)</displayValue><name>Add more Signs?</name><label>Add more signs?</label><type>OptionCustomization</type><optionSelection><name>2 Total Signs ($14.50 ea)</name><label>2 Total Signs ($14.50 ea)</label><thumbnailImage><imageUrl>https://m.media-amazon.com/images/S/gestalt-seller-images-prod-us-east-1/ATVPDKIKX0DER/A2CD880XWTZB7/12be9d97-dfb3-4310-b7c0-b51abb6a177c.jpg</imageUrl><dimension><width>576</width><height>576</height></dimension></thumbnailImage><additionalCost><amount>4</amount></additionalCost></optionSelection></children><type>FlatContainerCustomization</type></children><svg>102a4d6b-8c37-0126-8adf-4a80e582f22a.svg</svg><name>Landscape Sign</name><baseImage><imageUrl>https://m.media-amazon.com/images/S/gestalt-seller-images-prod-us-east-1/ATVPDKIKX0DER/A2CD880XWTZB7/76a584ad-57b5-4e20-b085-02eccbe51e66.jpg</imageUrl><dimension><width>400</width><height>400</height></dimension></baseImage><label>Landscape Sign</label><type>PreviewContainerCustomization</type><snapshot><imageName>993c0c86-d910-f083-486e-75bb3b9aad6f.jpg</imageName><dimension><width>400</width><height>400</height></dimension></snapshot></children><children><children><children><displayValue>null</displayValue><name>Portrait Sign Background Color</name><label>Portrait Sign Background Color</label><type>OptionCustomization</type><optionSelection/></children><children><children><name/><label>Image Upload</label><type>ImageCustomization</type></children><name>Image 1</name><label>Image 1</label><position><x>90</x><y>12</y></position><type>PlacementContainerCustomization</type><dimension><width>230</width><height>305</height></dimension></children><children><children><name/><label>Choose Font Type</label><type>FontCustomization</type><fontSelection><family>Anton</family></fontSelection></children><children><colorSelection><name>Black</name><colorModel>rgb</colorModel><value>#000000</value></colorSelection><name/><label>Choose Font Color</label><type>ColorCustomization</type></children><children><children><children><name/><inputValue/><label>Custom Text 1</label><type>TextCustomization</type></children><name>Text Input 1</name><label>Text Input 1</label><position><x>90</x><y>12</y></position><type>PlacementContainerCustomization</type><dimension><width>230</width><height>305</height></dimension></children><children><children><name/><inputValue/><label>Custom Text 2</label><type>TextCustomization</type></children><name>Text Input 2</name><label>Text Input 2</label><position><x>90</x><y>12</y></position><type>PlacementContainerCustomization</type><dimension><width>230</width><height>305</height></dimension></children><type>ContainerCustomization</type></children><name>Text 1</name><label>Text 1</label><type>ContainerCustomization</type></children><children><children><name/><label>Choose Font Type</label><type>FontCustomization</type><fontSelection><family>Anton</family></fontSelection></children><children><colorSelection><name>Black</name><colorModel>rgb</colorModel><value>#000000</value></colorSelection><name/><label>Choose Font Color</label><type>ColorCustomization</type></children><children><children><children><name/><inputValue/><label>Custom Text 3</label><type>TextCustomization</type></children><name>Text Input 1</name><label>Text Input 1</label><position><x>90</x><y>12</y></position><type>PlacementContainerCustomization</type><dimension><width>230</width><height>305</height></dimension></children><children><children><name/><inputValue/><label>Custom Text 4</label><type>TextCustomization</type></children><name>Text Input 2</name><label>Text Input 2</label><position><x>90</x><y>12</y></position><type>PlacementContainerCustomization</type><dimension><width>230</width><height>305</height></dimension></children><type>ContainerCustomization</type></children><name>Text 2</name><label>Text 2</label><type>ContainerCustomization</type></children><children><displayValue>null</displayValue><name>Add more Signs?</name><label>Add more signs?</label><type>OptionCustomization</type><optionSelection/></children><type>FlatContainerCustomization</type></children><svg>01613382-239c-a24f-cdeb-a77d8b91b3d7.svg</svg><name>Portrait Sign</name><baseImage><imageUrl>https://m.media-amazon.com/images/S/gestalt-seller-images-prod-us-east-1/ATVPDKIKX0DER/A2CD880XWTZB7/373bbafb-c037-4c1f-b581-691d7e3defa9.jpg</imageUrl><dimension><width>400</width><height>400</height></dimension></baseImage><label>Portrait Sign</label><type>PreviewContainerCustomization</type><snapshot><imageName>aab98d2e-50ee-f8cf-1704-b2891cba8428.jpg</imageName><dimension><width>400</width><height>400</height></dimension></snapshot></children><type>PageContainerCustomization</type></customizationData><version3.0><customizationInfo><surfaces><name>Landscape Sign</name><areas><optionValue>White Landscape</optionValue><name>Landscape Sign Background Color</name><priceDelta><value>0.0</value></priceDelta><label>Landscape Sign Background Color</label><customizationType>Options</customizationType><optionImage>https://m.media-amazon.com/images/S/gestalt-seller-images-prod-us-east-1/ATVPDKIKX0DER/A2CD880XWTZB7/fb5d0f80-6a39-4114-a06a-e6c1eec5563c.jpg</optionImage></areas><areas><Position><x>25</x><y>32</y></Position><svgImage>102a4d6b-8c37-0126-8adf-4a80e582f22a.svg</svgImage><name>Customization 1</name><Dimensions><width>353</width><height>265</height></Dimensions><customizationType>ImagePrinting</customizationType></areas><areas><Position><x>24</x><y>31</y></Position><svgImage>102a4d6b-8c37-0126-8adf-4a80e582f22a.svg</svgImage><name>Customization 1</name><Dimensions><width>353</width><height>265</height></Dimensions><customizationType>ImagePrinting</customizationType></areas><areas><Position><x>24</x><y>31</y></Position><svgImage>102a4d6b-8c37-0126-8adf-4a80e582f22a.svg</svgImage><name>Text Input 2</name><Dimensions><width>353</width><height>264</height></Dimensions><customizationType>ImagePrinting</customizationType></areas><areas><Position><x>24</x><y>31</y></Position><svgImage>102a4d6b-8c37-0126-8adf-4a80e582f22a.svg</svgImage><name>Text Input 1</name><Dimensions><width>353</width><height>264</height></Dimensions><customizationType>ImagePrinting</customizationType></areas><areas><Position><x>24</x><y>31</y></Position><svgImage>102a4d6b-8c37-0126-8adf-4a80e582f22a.svg</svgImage><name>Text Input 2</name><Dimensions><width>353</width><height>264</height></Dimensions><customizationType>ImagePrinting</customizationType></areas><areas><optionValue>2 Total Signs ($14.50 ea)</optionValue><name>Add more Signs?</name><priceDelta><value>4.0</value></priceDelta><label>Add more signs?</label><customizationType>Options</customizationType><optionImage/></areas></surfaces><surfaces><name>Portrait Sign</name><areas><optionValue/><name>Portrait Sign Background Color</name><label>Portrait Sign Background Color</label><customizationType>Options</customizationType></areas><areas><Position><x>90</x><y>12</y></Position><svgImage>01613382-239c-a24f-cdeb-a77d8b91b3d7.svg</svgImage><name>Image 1</name><Dimensions><width>230</width><height>305</height></Dimensions><customizationType>ImagePrinting</customizationType></areas><areas><colorName>Black</colorName><fontFamily>Anton</fontFamily><Position><x>90</x><y>12</y></Position><name>Text Input 1</name><Dimensions><width>230</width><height>305</height></Dimensions><label>Custom Text 1</label><text/><fill>#000000</fill><customizationType>TextPrinting</customizationType></areas><areas><colorName>Black</colorName><fontFamily>Anton</fontFamily><Position><x>90</x><y>12</y></Position><name>Text Input 2</name><Dimensions><width>230</width><height>305</height></Dimensions><label>Custom Text 2</label><text/><fill>#000000</fill><customizationType>TextPrinting</customizationType></areas><areas><colorName>Black</colorName><fontFamily>Anton</fontFamily><Position><x>90</x><y>12</y></Position><name>Text Input 1</name><Dimensions><width>230</width><height>305</height></Dimensions><label>Custom Text 3</label><text/><fill>#000000</fill><customizationType>TextPrinting</customizationType></areas><areas><colorName>Black</colorName><fontFamily>Anton</fontFamily><Position><x>90</x><y>12</y></Position><name>Text Input 2</name><Dimensions><width>230</width><height>305</height></Dimensions><label>Custom Text 4</label><text/><fill>#000000</fill><customizationType>TextPrinting</customizationType></areas><areas><optionValue/><name>Add more Signs?</name><label>Add more signs?</label><customizationType>Options</customizationType></areas></surfaces></customizationInfo></version3.0><orderItemId>74494317249601</orderItemId><asin>B07X7KK9CH</asin><title>Personalize Custom Yard Sign 24&quot; x 18&quot;, Metal H-Stake Included</title><legacyOrderItemId>null</legacyOrderItemId></data>