<data><marketplaceId>ATVPDKIKX0DER</marketplaceId><quantity>1</quantity><orderId>114-7099060-3188201</orderId><merchantId>A1CIC4I1BRMOQY</merchantId><customizationData><children><children><children><children><image><imageName>0e37e910-f8df-47bb-a661-6a54081b2c65.png</imageName><buyerFilename>yard sign.png</buyerFilename></image><name/><label>Image 1</label><type>ImageCustomization</type></children><name>Image 1</name><label>Image 1</label><position><x>16</x><y>52</y></position><type>PlacementContainerCustomization</type><dimension><width>367</width><height>278</height></dimension><buyerPlacement><scale><scaleX>0.15928819444444445</scaleX><scaleY>0.15928819444444445</scaleY></scale><position><x>16</x><y>53.375</y></position><dimension><width>2304</width><height>1728</height></dimension><angleOfRotation>0</angleOfRotation></buyerPlacement></children><children><children><name/><label>Image 2</label><type>ImageCustomization</type></children><name>Image 2</name><label>Image 2</label><position><x>16</x><y>52</y></position><type>PlacementContainerCustomization</type><dimension><width>367</width><height>275</height></dimension></children><children><children><name/><label>Image 3</label><type>ImageCustomization</type></children><name>Image 3</name><label>Image 3</label><position><x>16</x><y>51</y></position><type>PlacementContainerCustomization</type><dimension><width>367</width><height>278</height></dimension></children><children><children><name/><label>Image 4</label><type>ImageCustomization</type></children><name>Image 4</name><label>Image 4</label><position><x>16</x><y>50</y></position><type>PlacementContainerCustomization</type><dimension><width>368</width><height>276</height></dimension></children><children><children><name/><label>Image 5</label><type>ImageCustomization</type></children><name>Image 5</name><label>Image 5</label><position><x>17</x><y>50</y></position><type>PlacementContainerCustomization</type><dimension><width>367</width><height>277</height></dimension></children><children><children><name/><label>Text 1</label><type>FontCustomization</type><fontSelection><family>Lato</family></fontSelection></children><children><colorSelection><name>Black</name><colorModel>rgb</colorModel><value>#000000</value></colorSelection><name/><label>Text Colors</label><type>ColorCustomization</type></children><children><children><children><name/><inputValue/><label>Text 1</label><type>TextCustomization</type></children><name>Text Input 1</name><label>Text Input 1</label><position><x>17</x><y>51</y></position><type>PlacementContainerCustomization</type><dimension><width>365</width><height>275</height></dimension></children><children><children><name/><inputValue/><label>Text 2</label><type>TextCustomization</type></children><name>Text Input 2</name><label>Text Input 2</label><position><x>18</x><y>53</y></position><type>PlacementContainerCustomization</type><dimension><width>364</width><height>275</height></dimension></children><children><children><name/><inputValue/><label>Text 3</label><type>TextCustomization</type></children><name>Text Input 3</name><label>Text Input 3</label><position><x>14</x><y>52</y></position><type>PlacementContainerCustomization</type><dimension><width>366</width><height>274</height></dimension></children><children><children><name/><inputValue/><label>Text 4</label><type>TextCustomization</type></children><name>Text Input 4</name><label>Text Input 4</label><position><x>16</x><y>52</y></position><type>PlacementContainerCustomization</type><dimension><width>366</width><height>276</height></dimension></children><type>ContainerCustomization</type></children><name>Text 1</name><label>Text 1</label><type>ContainerCustomization</type></children><children><displayValue>10 signs ($9.40/ea)</displayValue><name>Option Dropdown 1</name><label>Add more signs?</label><type>OptionCustomization</type><optionSelection><name>10 signs ($9.40/ea)</name><label>10 signs ($9.40/ea)</label><thumbnailImage><imageUrl>https://m.media-amazon.com/images/S/gestalt-seller-images-prod-us-east-1/ATVPDKIKX0DER/A1CIC4I1BRMOQY/4ec4dcd9-44ac-4198-b436-f538458e0d2c.jpg</imageUrl><dimension><width>1440</width><height>1440</height></dimension></thumbnailImage><additionalCost><amount>65.05</amount></additionalCost></optionSelection></children><children><name>Data 1</name><inputValue/><label>Leave a message to us.</label><type>TextCustomization</type></children><type>FlatContainerCustomization</type></children><svg>eabf8dd5-169f-0eb1-abc3-61168da9f4c9.svg</svg><name>Surface 1</name><baseImage><imageUrl>https://m.media-amazon.com/images/S/gestalt-seller-images-prod-us-east-1/ATVPDKIKX0DER/A1CIC4I1BRMOQY/ba620fc3-3094-4ead-8b7a-a192c0f6afd6.png</imageUrl><dimension><width>400</width><height>400</height></dimension></baseImage><label>Surface 1</label><type>PreviewContainerCustomization</type><snapshot><imageName>ba304633-1c6c-4a22-faaf-6e66cb32b04b.jpg</imageName><dimension><width>400</width><height>400</height></dimension></snapshot></children><type>PageContainerCustomization</type></customizationData><version3.0><customizationInfo><surfaces><name>Surface 1</name><areas><Position><x>16</x><y>52</y></Position><svgImage>eabf8dd5-169f-0eb1-abc3-61168da9f4c9.svg</svgImage><name>Image 1</name><Dimensions><width>367</width><height>278</height></Dimensions><customizationType>ImagePrinting</customizationType></areas><areas><Position><x>16</x><y>52</y></Position><svgImage>eabf8dd5-169f-0eb1-abc3-61168da9f4c9.svg</svgImage><name>Image 2</name><Dimensions><width>367</width><height>275</height></Dimensions><customizationType>ImagePrinting</customizationType></areas><areas><Position><x>16</x><y>51</y></Position><svgImage>eabf8dd5-169f-0eb1-abc3-61168da9f4c9.svg</svgImage><name>Image 3</name><Dimensions><width>367</width><height>278</height></Dimensions><customizationType>ImagePrinting</customizationType></areas><areas><Position><x>16</x><y>50</y></Position><svgImage>eabf8dd5-169f-0eb1-abc3-61168da9f4c9.svg</svgImage><name>Image 4</name><Dimensions><width>368</width><height>276</height></Dimensions><customizationType>ImagePrinting</customizationType></areas><areas><Position><x>17</x><y>50</y></Position><svgImage>eabf8dd5-169f-0eb1-abc3-61168da9f4c9.svg</svgImage><name>Image 5</name><Dimensions><width>367</width><height>277</height></Dimensions><customizationType>ImagePrinting</customizationType></areas><areas><colorName>Black</colorName><fontFamily>Lato</fontFamily><Position><x>17</x><y>51</y></Position><name>Text Input 1</name><Dimensions><width>365</width><height>275</height></Dimensions><label>Text 1</label><text/><fill>#000000</fill><customizationType>TextPrinting</customizationType></areas><areas><colorName>Black</colorName><fontFamily>Lato</fontFamily><Position><x>18</x><y>53</y></Position><name>Text Input 2</name><Dimensions><width>364</width><height>275</height></Dimensions><label>Text 2</label><text/><fill>#000000</fill><customizationType>TextPrinting</customizationType></areas><areas><colorName>Black</colorName><fontFamily>Lato</fontFamily><Position><x>14</x><y>52</y></Position><name>Text Input 3</name><Dimensions><width>366</width><height>274</height></Dimensions><label>Text 3</label><text/><fill>#000000</fill><customizationType>TextPrinting</customizationType></areas><areas><colorName>Black</colorName><fontFamily>Lato</fontFamily><Position><x>16</x><y>52</y></Position><name>Text Input 4</name><Dimensions><width>366</width><height>276</height></Dimensions><label>Text 4</label><text/><fill>#000000</fill><customizationType>TextPrinting</customizationType></areas><areas><optionValue>10 signs ($9.40/ea)</optionValue><name>Option Dropdown 1</name><priceDelta><value>65.05</value></priceDelta><label>Add more signs?</label><customizationType>Options</customizationType><optionImage/></areas><areas><name>Data 1</name><label>Leave a message to us.</label><text/><customizationType>TextPrinting</customizationType></areas></surfaces></customizationInfo></version3.0><orderItemId>75645712750761</orderItemId><asin>B0BCP337TV</asin><title>Two Pack Custom + Personalized 18x24&quot; Horizontal Yard Sign (Outdoor, Weatherproof Corrugated Plastic) Metal Stake Included, by Legit Fast Printing</title><legacyOrderItemId>null</legacyOrderItemId></data>