{
  "orderId" : "114-7099060-3188201",
  "orderItemId" : "75645712750761",
  "legacyOrderItemId" : null,
  "merchantId" : "A1CIC4I1BRMOQY",
  "marketplaceId" : "ATVPDKIKX0DER",
  "asin" : "B0BCP337TV",
  "title" : "Two Pack Custom + Personalized 18x24\" Horizontal Yard Sign (Outdoor, Weatherproof Corrugated Plastic) Metal Stake Included, by Legit Fast Printing",
  "quantity" : 1,
  "customizationData" : {
    "type" : "PageContainerCustomization",
    "children" : [ {
      "type" : "PreviewContainerCustomization",
      "name" : "Surface 1",
      "label" : "Surface 1",
      "children" : [ {
        "type" : "FlatContainerCustomization",
        "children" : [ {
          "type" : "PlacementContainerCustomization",
          "name" : "Image 1",
          "label" : "Image 1",
          "children" : [ {
            "type" : "ImageCustomization",
            "name" : "",
            "label" : "Image 1",
            "image" : {
              "imageName" : "0e37e910-f8df-47bb-a661-6a54081b2c65.png",
              "buyerFilename" : "yard sign.png"
            }
          } ],
          "dimension" : {
            "width" : 367,
            "height" : 278
          },
          "position" : {
            "x" : 16,
            "y" : 52
          },
          "buyerPlacement" : {
            "position" : {
              "x" : 16,
              "y" : 53.375
            },
            "dimension" : {
              "width" : 2304,
              "height" : 1728
            },
            "scale" : {
              "scaleX" : 0.15928819444444445,
              "scaleY" : 0.15928819444444445
            },
            "angleOfRotation" : 0
          }
        }, {
          "type" : "PlacementContainerCustomization",
          "name" : "Image 2",
          "label" : "Image 2",
          "children" : [ {
            "type" : "ImageCustomization",
            "name" : "",
            "label" : "Image 2"
          } ],
          "dimension" : {
            "width" : 367,
            "height" : 275
          },
          "position" : {
            "x" : 16,
            "y" : 52
          }
        }, {
          "type" : "PlacementContainerCustomization",
          "name" : "Image 3",
          "label" : "Image 3",
          "children" : [ {
            "type" : "ImageCustomization",
            "name" : "",
            "label" : "Image 3"
          } ],
          "dimension" : {
            "width" : 367,
            "height" : 278
          },
          "position" : {
            "x" : 16,
            "y" : 51
          }
        }, {
          "type" : "PlacementContainerCustomization",
          "name" : "Image 4",
          "label" : "Image 4",
          "children" : [ {
            "type" : "ImageCustomization",
            "name" : "",
            "label" : "Image 4"
          } ],
          "dimension" : {
            "width" : 368,
            "height" : 276
          },
          "position" : {
            "x" : 16,
            "y" : 50
          }
        }, {
          "type" : "PlacementContainerCustomization",
          "name" : "Image 5",
          "label" : "Image 5",
          "children" : [ {
            "type" : "ImageCustomization",
            "name" : "",
            "label" : "Image 5"
          } ],
          "dimension" : {
            "width" : 367,
            "height" : 277
          },
          "position" : {
            "x" : 17,
            "y" : 50
          }
        }, {
          "type" : "ContainerCustomization",
          "name" : "Text 1",
          "label" : "Text 1",
          "children" : [ {
            "type" : "FontCustomization",
            "name" : "",
            "label" : "Text 1",
            "fontSelection" : {
              "family" : "Lato"
            }
          }, {
            "type" : "ColorCustomization",
            "name" : "",
            "label" : "Text Colors",
            "colorSelection" : {
              "name" : "Black",
              "value" : "#000000",
              "colorModel" : "rgb"
            }
          }, {
            "type" : "ContainerCustomization",
            "children" : [ {
              "type" : "PlacementContainerCustomization",
              "name" : "Text Input 1",
              "label" : "Text Input 1",
              "children" : [ {
                "type" : "TextCustomization",
                "name" : "",
                "label" : "Text 1",
                "inputValue" : ""
              } ],
              "dimension" : {
                "width" : 365,
                "height" : 275
              },
              "position" : {
                "x" : 17,
                "y" : 51
              }
            }, {
              "type" : "PlacementContainerCustomization",
              "name" : "Text Input 2",
              "label" : "Text Input 2",
              "children" : [ {
                "type" : "TextCustomization",
                "name" : "",
                "label" : "Text 2",
                "inputValue" : ""
              } ],
              "dimension" : {
                "width" : 364,
                "height" : 275
              },
              "position" : {
                "x" : 18,
                "y" : 53
              }
            }, {
              "type" : "PlacementContainerCustomization",
              "name" : "Text Input 3",
              "label" : "Text Input 3",
              "children" : [ {
                "type" : "TextCustomization",
                "name" : "",
                "label" : "Text 3",
                "inputValue" : ""
              } ],
              "dimension" : {
                "width" : 366,
                "height" : 274
              },
              "position" : {
                "x" : 14,
                "y" : 52
              }
            }, {
              "type" : "PlacementContainerCustomization",
              "name" : "Text Input 4",
              "label" : "Text Input 4",
              "children" : [ {
                "type" : "TextCustomization",
                "name" : "",
                "label" : "Text 4",
                "inputValue" : ""
              } ],
              "dimension" : {
                "width" : 366,
                "height" : 276
              },
              "position" : {
                "x" : 16,
                "y" : 52
              }
            } ]
          } ]
        }, {
          "type" : "OptionCustomization",
          "name" : "Option Dropdown 1",
          "label" : "Add more signs?",
          "optionSelection" : {
            "name" : "10 signs ($9.40/ea)",
            "label" : "10 signs ($9.40/ea)",
            "additionalCost" : {
              "amount" : 65.05
            },
            "thumbnailImage" : {
              "imageUrl" : "https://m.media-amazon.com/images/S/gestalt-seller-images-prod-us-east-1/ATVPDKIKX0DER/A1CIC4I1BRMOQY/4ec4dcd9-44ac-4198-b436-f538458e0d2c.jpg",
              "dimension" : {
                "width" : 1440,
                "height" : 1440
              }
            }
          },
          "displayValue" : "10 signs ($9.40/ea)"
        }, {
          "type" : "TextCustomization",
          "name" : "Data 1",
          "label" : "Leave a message to us.",
          "inputValue" : ""
        } ]
      } ],
      "baseImage" : {
        "imageUrl" : "https://m.media-amazon.com/images/S/gestalt-seller-images-prod-us-east-1/ATVPDKIKX0DER/A1CIC4I1BRMOQY/ba620fc3-3094-4ead-8b7a-a192c0f6afd6.png",
        "dimension" : {
          "width" : 400,
          "height" : 400
        }
      },
      "snapshot" : {
        "imageName" : "ba304633-1c6c-4a22-faaf-6e66cb32b04b.jpg",
        "dimension" : {
          "width" : 400,
          "height" : 400
        }
      },
      "svg" : "eabf8dd5-169f-0eb1-abc3-61168da9f4c9.svg"
    } ]
  },
  "version3.0" : {
    "customizationInfo" : {
      "surfaces" : [ {
        "name" : "Surface 1",
        "areas" : [ {
          "customizationType" : "ImagePrinting",
          "Dimensions" : {
            "width" : 367,
            "height" : 278
          },
          "Position" : {
            "x" : 16,
            "y" : 52
          },
          "name" : "Image 1",
          "svgImage" : "eabf8dd5-169f-0eb1-abc3-61168da9f4c9.svg"
        }, {
          "customizationType" : "ImagePrinting",
          "Dimensions" : {
            "width" : 367,
            "height" : 275
          },
          "Position" : {
            "x" : 16,
            "y" : 52
          },
          "name" : "Image 2",
          "svgImage" : "eabf8dd5-169f-0eb1-abc3-61168da9f4c9.svg"
        }, {
          "customizationType" : "ImagePrinting",
          "Dimensions" : {
            "width" : 367,
            "height" : 278
          },
          "Position" : {
            "x" : 16,
            "y" : 51
          },
          "name" : "Image 3",
          "svgImage" : "eabf8dd5-169f-0eb1-abc3-61168da9f4c9.svg"
        }, {
          "customizationType" : "ImagePrinting",
          "Dimensions" : {
            "width" : 368,
            "height" : 276
          },
          "Position" : {
            "x" : 16,
            "y" : 50
          },
          "name" : "Image 4",
          "svgImage" : "eabf8dd5-169f-0eb1-abc3-61168da9f4c9.svg"
        }, {
          "customizationType" : "ImagePrinting",
          "Dimensions" : {
            "width" : 367,
            "height" : 277
          },
          "Position" : {
            "x" : 17,
            "y" : 50
          },
          "name" : "Image 5",
          "svgImage" : "eabf8dd5-169f-0eb1-abc3-61168da9f4c9.svg"
        }, {
          "customizationType" : "TextPrinting",
          "colorName" : "Black",
          "fill" : "#000000",
          "fontFamily" : "Lato",
          "Dimensions" : {
            "width" : 365,
            "height" : 275
          },
          "Position" : {
            "x" : 17,
            "y" : 51
          },
          "name" : "Text Input 1",
          "label" : "Text 1",
          "text" : ""
        }, {
          "customizationType" : "TextPrinting",
          "colorName" : "Black",
          "fill" : "#000000",
          "fontFamily" : "Lato",
          "Dimensions" : {
            "width" : 364,
            "height" : 275
          },
          "Position" : {
            "x" : 18,
            "y" : 53
          },
          "name" : "Text Input 2",
          "label" : "Text 2",
          "text" : ""
        }, {
          "customizationType" : "TextPrinting",
          "colorName" : "Black",
          "fill" : "#000000",
          "fontFamily" : "Lato",
          "Dimensions" : {
            "width" : 366,
            "height" : 274
          },
          "Position" : {
            "x" : 14,
            "y" : 52
          },
          "name" : "Text Input 3",
          "label" : "Text 3",
          "text" : ""
        }, {
          "customizationType" : "TextPrinting",
          "colorName" : "Black",
          "fill" : "#000000",
          "fontFamily" : "Lato",
          "Dimensions" : {
            "width" : 366,
            "height" : 276
          },
          "Position" : {
            "x" : 16,
            "y" : 52
          },
          "name" : "Text Input 4",
          "label" : "Text 4",
          "text" : ""
        }, {
          "customizationType" : "Options",
          "name" : "Option Dropdown 1",
          "label" : "Add more signs?",
          "optionValue" : "10 signs ($9.40/ea)",
          "priceDelta" : {
            "value" : 65.05
          },
          "optionImage" : ""
        }, {
          "customizationType" : "TextPrinting",
          "name" : "Data 1",
          "label" : "Leave a message to us.",
          "text" : ""
        } ]
      } ]
    }
  }
}