<data><marketplaceId>ATVPDKIKX0DER</marketplaceId><quantity>1</quantity><orderId>113-2587856-4429027</orderId><merchantId>A1CIC4I1BRMOQY</merchantId><customizationData><children><children><children><children><image><imageName>e2aa9d7d-ba14-4356-9d49-03cfec5e856b.jpg</imageName><buyerFilename>IMG_20230128_205928_077.jpg</buyerFilename></image><name/><label>Image</label><type>ImageCustomization</type></children><name>Image 1</name><label>Image 1</label><position><x>17</x><y>52</y></position><type>PlacementContainerCustomization</type><dimension><width>364</width><height>272</height></dimension><buyerPlacement><scale><scaleX>0.3364347548367799</scaleX><scaleY>0.3364347548367799</scaleY></scale><position><x>17.812709694902026</x><y>8.97367470937536</y></position><dimension><width>1080</width><height>1080</height></dimension><angleOfRotation>0.15829147979093253</angleOfRotation></buyerPlacement></children><children><children><name/><label>Image 2</label><type>ImageCustomization</type></children><name>Image 2</name><label>Image 2</label><position><x>16</x><y>53</y></position><type>PlacementContainerCustomization</type><dimension><width>367</width><height>275</height></dimension></children><children><children><name/><label>Image 3</label><type>ImageCustomization</type></children><name>Image 3</name><label>Image 3</label><position><x>16</x><y>53</y></position><type>PlacementContainerCustomization</type><dimension><width>367</width><height>274</height></dimension></children><children><children><name/><label>Image 4</label><type>ImageCustomization</type></children><name>Image 4</name><label>Image 4</label><position><x>16</x><y>52</y></position><type>PlacementContainerCustomization</type><dimension><width>369</width><height>276</height></dimension></children><children><children><name/><label>Image 5</label><type>ImageCustomization</type></children><name>Image 5</name><label>Image 5</label><position><x>16</x><y>51</y></position><type>PlacementContainerCustomization</type><dimension><width>367</width><height>277</height></dimension></children><children><children><name/><label>Text 1</label><type>FontCustomization</type><fontSelection><family>Lato</family></fontSelection></children><children><colorSelection><name>Black</name><colorModel>rgb</colorModel><value>#000000</value></colorSelection><name/><label>Text colors</label><type>ColorCustomization</type></children><children><children><children><name/><inputValue/><label>Text 1</label><type>TextCustomization</type></children><name>Text Input 1</name><label>Text Input 1</label><position><x>17</x><y>52</y></position><type>PlacementContainerCustomization</type><dimension><width>366</width><height>277</height></dimension></children><children><children><name/><inputValue/><label>Text 2</label><type>TextCustomization</type></children><name>Text Input 2</name><label>Text Input 2</label><position><x>17</x><y>51</y></position><type>PlacementContainerCustomization</type><dimension><width>366</width><height>277</height></dimension></children><children><children><name/><inputValue/><label>Text 3</label><type>TextCustomization</type></children><name>Text Input 3</name><label>Text Input 3</label><position><x>17</x><y>52</y></position><type>PlacementContainerCustomization</type><dimension><width>367</width><height>276</height></dimension></children><children><children><name/><inputValue/><label>Text 4</label><type>TextCustomization</type></children><name>Text Input 4</name><label>Text Input 4</label><position><x>17</x><y>52</y></position><type>PlacementContainerCustomization</type><dimension><width>366</width><height>276</height></dimension></children><type>ContainerCustomization</type></children><name>Text 1</name><label>Text 1</label><type>ContainerCustomization</type></children><children><displayValue>5 total signs</displayValue><name>Option Dropdown 1</name><label>Add more signs? Choose how many total signs you want. More signs = less $ per sign.</label><type>OptionCustomization</type><optionSelection><name>5 total signs</name><label>5 total signs</label><thumbnailImage><imageUrl>https://m.media-amazon.com/images/S/gestalt-seller-images-prod-us-east-1/ATVPDKIKX0DER/A1CIC4I1BRMOQY/7785cb64-d7dc-4ffc-ab63-1a8a2809f759.jpg</imageUrl><dimension><width>1440</width><height>1440</height></dimension></thumbnailImage><additionalCost><amount>23.9</amount></additionalCost></optionSelection></children><children><name>Data 1</name><inputValue/><label>Leave a note to us</label><type>TextCustomization</type></children><type>FlatContainerCustomization</type></children><svg>3a2248ca-1e60-a7eb-5b87-adc7bea3561c.svg</svg><name>Surface 1</name><baseImage><imageUrl>https://m.media-amazon.com/images/S/gestalt-seller-images-prod-us-east-1/ATVPDKIKX0DER/A1CIC4I1BRMOQY/dc09c90b-9b85-40b3-8707-6f6fda559e92.png</imageUrl><dimension><width>400</width><height>400</height></dimension></baseImage><label>Surface 1</label><type>PreviewContainerCustomization</type><snapshot><imageName>e5060742-d5b0-9662-9004-cf0f6d92d300.jpg</imageName><dimension><width>400</width><height>400</height></dimension></snapshot></children><type>PageContainerCustomization</type></customizationData><version3.0><customizationInfo><surfaces><name>Surface 1</name><areas><Position><x>17</x><y>52</y></Position><svgImage>3a2248ca-1e60-a7eb-5b87-adc7bea3561c.svg</svgImage><name>Image 1</name><Dimensions><width>364</width><height>272</height></Dimensions><customizationType>ImagePrinting</customizationType></areas><areas><Position><x>16</x><y>53</y></Position><svgImage>3a2248ca-1e60-a7eb-5b87-adc7bea3561c.svg</svgImage><name>Image 2</name><Dimensions><width>367</width><height>275</height></Dimensions><customizationType>ImagePrinting</customizationType></areas><areas><Position><x>16</x><y>53</y></Position><svgImage>3a2248ca-1e60-a7eb-5b87-adc7bea3561c.svg</svgImage><name>Image 3</name><Dimensions><width>367</width><height>274</height></Dimensions><customizationType>ImagePrinting</customizationType></areas><areas><Position><x>16</x><y>52</y></Position><svgImage>3a2248ca-1e60-a7eb-5b87-adc7bea3561c.svg</svgImage><name>Image 4</name><Dimensions><width>369</width><height>276</height></Dimensions><customizationType>ImagePrinting</customizationType></areas><areas><Position><x>16</x><y>51</y></Position><svgImage>3a2248ca-1e60-a7eb-5b87-adc7bea3561c.svg</svgImage><name>Image 5</name><Dimensions><width>367</width><height>277</height></Dimensions><customizationType>ImagePrinting</customizationType></areas><areas><colorName>Black</colorName><fontFamily>Lato</fontFamily><Position><x>17</x><y>52</y></Position><name>Text Input 1</name><Dimensions><width>366</width><height>277</height></Dimensions><label>Text 1</label><text/><fill>#000000</fill><customizationType>TextPrinting</customizationType></areas><areas><colorName>Black</colorName><fontFamily>Lato</fontFamily><Position><x>17</x><y>51</y></Position><name>Text Input 2</name><Dimensions><width>366</width><height>277</height></Dimensions><label>Text 2</label><text/><fill>#000000</fill><customizationType>TextPrinting</customizationType></areas><areas><colorName>Black</colorName><fontFamily>Lato</fontFamily><Position><x>17</x><y>52</y></Position><name>Text Input 3</name><Dimensions><width>367</width><height>276</height></Dimensions><label>Text 3</label><text/><fill>#000000</fill><customizationType>TextPrinting</customizationType></areas><areas><colorName>Black</colorName><fontFamily>Lato</fontFamily><Position><x>17</x><y>52</y></Position><name>Text Input 4</name><Dimensions><width>366</width><height>276</height></Dimensions><label>Text 4</label><text/><fill>#000000</fill><customizationType>TextPrinting</customizationType></areas><areas><optionValue>5 total signs</optionValue><name>Option Dropdown 1</name><priceDelta><value>23.9</value></priceDelta><label>Add more signs? Choose how many total signs you want. More signs = less $ per sign.</label><customizationType>Options</customizationType><optionImage/></areas><areas><name>Data 1</name><label>Leave a note to us</label><text/><customizationType>TextPrinting</customizationType></areas></surfaces></customizationInfo></version3.0><orderItemId>75716719892681</orderItemId><asin>B0BFLJWVK4</asin><title>Two (2) Pack Custom + Personalized 12x18&quot; Yard Sign, Metal Stake Included, by Legit Fast Printing</title><legacyOrderItemId>null</legacyOrderItemId></data>