{
  "orderId" : "113-2587856-4429027",
  "orderItemId" : "75716719892681",
  "legacyOrderItemId" : null,
  "merchantId" : "A1CIC4I1BRMOQY",
  "marketplaceId" : "ATVPDKIKX0DER",
  "asin" : "B0BFLJWVK4",
  "title" : "Two (2) Pack Custom + Personalized 12x18\" Yard Sign, Metal Stake Included, by Legit Fast Printing",
  "quantity" : 1,
  "customizationData" : {
    "type" : "PageContainerCustomization",
    "children" : [ {
      "type" : "PreviewContainerCustomization",
      "name" : "Surface 1",
      "label" : "Surface 1",
      "children" : [ {
        "type" : "FlatContainerCustomization",
        "children" : [ {
          "type" : "PlacementContainerCustomization",
          "name" : "Image 1",
          "label" : "Image 1",
          "children" : [ {
            "type" : "ImageCustomization",
            "name" : "",
            "label" : "Image",
            "image" : {
              "imageName" : "e2aa9d7d-ba14-4356-9d49-03cfec5e856b.jpg",
              "buyerFilename" : "IMG_20230128_205928_077.jpg"
            }
          } ],
          "dimension" : {
            "width" : 364,
            "height" : 272
          },
          "position" : {
            "x" : 17,
            "y" : 52
          },
          "buyerPlacement" : {
            "position" : {
              "x" : 17.812709694902026,
              "y" : 8.97367470937536
            },
            "dimension" : {
              "width" : 1080,
              "height" : 1080
            },
            "scale" : {
              "scaleX" : 0.3364347548367799,
              "scaleY" : 0.3364347548367799
            },
            "angleOfRotation" : 0.15829147979093253
          }
        }, {
          "type" : "PlacementContainerCustomization",
          "name" : "Image 2",
          "label" : "Image 2",
          "children" : [ {
            "type" : "ImageCustomization",
            "name" : "",
            "label" : "Image 2"
          } ],
          "dimension" : {
            "width" : 367,
            "height" : 275
          },
          "position" : {
            "x" : 16,
            "y" : 53
          }
        }, {
          "type" : "PlacementContainerCustomization",
          "name" : "Image 3",
          "label" : "Image 3",
          "children" : [ {
            "type" : "ImageCustomization",
            "name" : "",
            "label" : "Image 3"
          } ],
          "dimension" : {
            "width" : 367,
            "height" : 274
          },
          "position" : {
            "x" : 16,
            "y" : 53
          }
        }, {
          "type" : "PlacementContainerCustomization",
          "name" : "Image 4",
          "label" : "Image 4",
          "children" : [ {
            "type" : "ImageCustomization",
            "name" : "",
            "label" : "Image 4"
          } ],
          "dimension" : {
            "width" : 369,
            "height" : 276
          },
          "position" : {
            "x" : 16,
            "y" : 52
          }
        }, {
          "type" : "PlacementContainerCustomization",
          "name" : "Image 5",
          "label" : "Image 5",
          "children" : [ {
            "type" : "ImageCustomization",
            "name" : "",
            "label" : "Image 5"
          } ],
          "dimension" : {
            "width" : 367,
            "height" : 277
          },
          "position" : {
            "x" : 16,
            "y" : 51
          }
        }, {
          "type" : "ContainerCustomization",
          "name" : "Text 1",
          "label" : "Text 1",
          "children" : [ {
            "type" : "FontCustomization",
            "name" : "",
            "label" : "Text 1",
            "fontSelection" : {
              "family" : "Lato"
            }
          }, {
            "type" : "ColorCustomization",
            "name" : "",
            "label" : "Text colors",
            "colorSelection" : {
              "name" : "Black",
              "value" : "#000000",
              "colorModel" : "rgb"
            }
          }, {
            "type" : "ContainerCustomization",
            "children" : [ {
              "type" : "PlacementContainerCustomization",
              "name" : "Text Input 1",
              "label" : "Text Input 1",
              "children" : [ {
                "type" : "TextCustomization",
                "name" : "",
                "label" : "Text 1",
                "inputValue" : ""
              } ],
              "dimension" : {
                "width" : 366,
                "height" : 277
              },
              "position" : {
                "x" : 17,
                "y" : 52
              }
            }, {
              "type" : "PlacementContainerCustomization",
              "name" : "Text Input 2",
              "label" : "Text Input 2",
              "children" : [ {
                "type" : "TextCustomization",
                "name" : "",
                "label" : "Text 2",
                "inputValue" : ""
              } ],
              "dimension" : {
                "width" : 366,
                "height" : 277
              },
              "position" : {
                "x" : 17,
                "y" : 51
              }
            }, {
              "type" : "PlacementContainerCustomization",
              "name" : "Text Input 3",
              "label" : "Text Input 3",
              "children" : [ {
                "type" : "TextCustomization",
                "name" : "",
                "label" : "Text 3",
                "inputValue" : ""
              } ],
              "dimension" : {
                "width" : 367,
                "height" : 276
              },
              "position" : {
                "x" : 17,
                "y" : 52
              }
            }, {
              "type" : "PlacementContainerCustomization",
              "name" : "Text Input 4",
              "label" : "Text Input 4",
              "children" : [ {
                "type" : "TextCustomization",
                "name" : "",
                "label" : "Text 4",
                "inputValue" : ""
              } ],
              "dimension" : {
                "width" : 366,
                "height" : 276
              },
              "position" : {
                "x" : 17,
                "y" : 52
              }
            } ]
          } ]
        }, {
          "type" : "OptionCustomization",
          "name" : "Option Dropdown 1",
          "label" : "Add more signs? Choose how many total signs you want. More signs = less $ per sign.",
          "optionSelection" : {
            "name" : "5 total signs",
            "label" : "5 total signs",
            "additionalCost" : {
              "amount" : 23.9
            },
            "thumbnailImage" : {
              "imageUrl" : "https://m.media-amazon.com/images/S/gestalt-seller-images-prod-us-east-1/ATVPDKIKX0DER/A1CIC4I1BRMOQY/7785cb64-d7dc-4ffc-ab63-1a8a2809f759.jpg",
              "dimension" : {
                "width" : 1440,
                "height" : 1440
              }
            }
          },
          "displayValue" : "5 total signs"
        }, {
          "type" : "TextCustomization",
          "name" : "Data 1",
          "label" : "Leave a note to us",
          "inputValue" : ""
        } ]
      } ],
      "baseImage" : {
        "imageUrl" : "https://m.media-amazon.com/images/S/gestalt-seller-images-prod-us-east-1/ATVPDKIKX0DER/A1CIC4I1BRMOQY/dc09c90b-9b85-40b3-8707-6f6fda559e92.png",
        "dimension" : {
          "width" : 400,
          "height" : 400
        }
      },
      "snapshot" : {
        "imageName" : "e5060742-d5b0-9662-9004-cf0f6d92d300.jpg",
        "dimension" : {
          "width" : 400,
          "height" : 400
        }
      },
      "svg" : "3a2248ca-1e60-a7eb-5b87-adc7bea3561c.svg"
    } ]
  },
  "version3.0" : {
    "customizationInfo" : {
      "surfaces" : [ {
        "name" : "Surface 1",
        "areas" : [ {
          "customizationType" : "ImagePrinting",
          "Dimensions" : {
            "width" : 364,
            "height" : 272
          },
          "Position" : {
            "x" : 17,
            "y" : 52
          },
          "name" : "Image 1",
          "svgImage" : "3a2248ca-1e60-a7eb-5b87-adc7bea3561c.svg"
        }, {
          "customizationType" : "ImagePrinting",
          "Dimensions" : {
            "width" : 367,
            "height" : 275
          },
          "Position" : {
            "x" : 16,
            "y" : 53
          },
          "name" : "Image 2",
          "svgImage" : "3a2248ca-1e60-a7eb-5b87-adc7bea3561c.svg"
        }, {
          "customizationType" : "ImagePrinting",
          "Dimensions" : {
            "width" : 367,
            "height" : 274
          },
          "Position" : {
            "x" : 16,
            "y" : 53
          },
          "name" : "Image 3",
          "svgImage" : "3a2248ca-1e60-a7eb-5b87-adc7bea3561c.svg"
        }, {
          "customizationType" : "ImagePrinting",
          "Dimensions" : {
            "width" : 369,
            "height" : 276
          },
          "Position" : {
            "x" : 16,
            "y" : 52
          },
          "name" : "Image 4",
          "svgImage" : "3a2248ca-1e60-a7eb-5b87-adc7bea3561c.svg"
        }, {
          "customizationType" : "ImagePrinting",
          "Dimensions" : {
            "width" : 367,
            "height" : 277
          },
          "Position" : {
            "x" : 16,
            "y" : 51
          },
          "name" : "Image 5",
          "svgImage" : "3a2248ca-1e60-a7eb-5b87-adc7bea3561c.svg"
        }, {
          "customizationType" : "TextPrinting",
          "colorName" : "Black",
          "fill" : "#000000",
          "fontFamily" : "Lato",
          "Dimensions" : {
            "width" : 366,
            "height" : 277
          },
          "Position" : {
            "x" : 17,
            "y" : 52
          },
          "name" : "Text Input 1",
          "label" : "Text 1",
          "text" : ""
        }, {
          "customizationType" : "TextPrinting",
          "colorName" : "Black",
          "fill" : "#000000",
          "fontFamily" : "Lato",
          "Dimensions" : {
            "width" : 366,
            "height" : 277
          },
          "Position" : {
            "x" : 17,
            "y" : 51
          },
          "name" : "Text Input 2",
          "label" : "Text 2",
          "text" : ""
        }, {
          "customizationType" : "TextPrinting",
          "colorName" : "Black",
          "fill" : "#000000",
          "fontFamily" : "Lato",
          "Dimensions" : {
            "width" : 367,
            "height" : 276
          },
          "Position" : {
            "x" : 17,
            "y" : 52
          },
          "name" : "Text Input 3",
          "label" : "Text 3",
          "text" : ""
        }, {
          "customizationType" : "TextPrinting",
          "colorName" : "Black",
          "fill" : "#000000",
          "fontFamily" : "Lato",
          "Dimensions" : {
            "width" : 366,
            "height" : 276
          },
          "Position" : {
            "x" : 17,
            "y" : 52
          },
          "name" : "Text Input 4",
          "label" : "Text 4",
          "text" : ""
        }, {
          "customizationType" : "Options",
          "name" : "Option Dropdown 1",
          "label" : "Add more signs? Choose how many total signs you want. More signs = less $ per sign.",
          "optionValue" : "5 total signs",
          "priceDelta" : {
            "value" : 23.9
          },
          "optionImage" : ""
        }, {
          "customizationType" : "TextPrinting",
          "name" : "Data 1",
          "label" : "Leave a note to us",
          "text" : ""
        } ]
      } ]
    }
  }
}