{
  "orderId" : "113-5558836-1074642",
  "orderItemId" : "74544139290161",
  "legacyOrderItemId" : null,
  "merchantId" : "A2CD880XWTZB7",
  "marketplaceId" : "ATVPDKIKX0DER",
  "asin" : "B07X7KK9CH",
  "title" : "Personalize Custom Yard Sign 24\" x 18\", Metal H-Stake Included",
  "quantity" : 1,
  "customizationData" : {
    "type" : "PageContainerCustomization",
    "children" : [ {
      "type" : "PreviewContainerCustomization",
      "name" : "Landscape Sign",
      "label" : "Landscape Sign",
      "children" : [ {
        "type" : "FlatContainerCustomization",
        "children" : [ {
          "type" : "OptionCustomization",
          "name" : "Landscape Sign Background Color",
          "label" : "Landscape Sign Background Color",
          "optionSelection" : {
            "name" : "White Landscape",
            "label" : "White Landscape",
            "additionalCost" : {
              "amount" : 0
            },
            "thumbnailImage" : {
              "imageUrl" : "https://m.media-amazon.com/images/S/gestalt-seller-images-prod-us-east-1/ATVPDKIKX0DER/A2CD880XWTZB7/a9a485f4-260b-4951-bfaf-e48e454317d5.jpg",
              "dimension" : {
                "width" : 400,
                "height" : 400
              }
            },
            "overlayImage" : {
              "imageUrl" : "https://m.media-amazon.com/images/S/gestalt-seller-images-prod-us-east-1/ATVPDKIKX0DER/A2CD880XWTZB7/fb5d0f80-6a39-4114-a06a-e6c1eec5563c.jpg",
              "dimension" : {
                "width" : 400,
                "height" : 400
              }
            }
          },
          "displayValue" : "White Landscape"
        }, {
          "type" : "PlacementContainerCustomization",
          "name" : "Customization 1",
          "children" : [ {
            "type" : "ImageCustomization",
            "label" : "Image"
          } ],
          "dimension" : {
            "width" : 353,
            "height" : 265
          },
          "position" : {
            "x" : 25,
            "y" : 32
          }
        }, {
          "type" : "ContainerCustomization",
          "name" : "Text Input",
          "children" : [ {
            "type" : "FontCustomization",
            "label" : "Choose Font Type",
            "fontSelection" : {
              "family" : "Staatliches"
            }
          }, {
            "type" : "ColorCustomization",
            "label" : "Choose Font Color",
            "colorSelection" : {
              "name" : "Black",
              "value" : "#000000",
              "colorModel" : "rgb"
            }
          }, {
            "type" : "ContainerCustomization",
            "children" : [ {
              "type" : "PlacementContainerCustomization",
              "name" : "Customization 1",
              "children" : [ {
                "type" : "TextCustomization",
                "label" : "Custom Text Input 1",
                "inputValue" : "WELCOME\nPIPELINERS"
              } ],
              "dimension" : {
                "width" : 353,
                "height" : 265
              },
              "position" : {
                "x" : 24,
                "y" : 31
              },
              "buyerPlacement" : {
                "position" : {
                  "x" : 99.8767516528144,
                  "y" : 56.144916974306
                },
                "dimension" : {
                  "width" : 863.3776871980543,
                  "height" : 533.5018686131386
                },
                "scale" : {
                  "scaleX" : 0.23349543230998007,
                  "scaleY" : 0.23349543230998007
                },
                "angleOfRotation" : 0.3725965783243672
              }
            }, {
              "type" : "PlacementContainerCustomization",
              "name" : "Text Input 2",
              "label" : "Text Input 2",
              "children" : [ {
                "type" : "TextCustomization",
                "label" : "Custom Text Input 2",
                "inputValue" : ""
              } ],
              "dimension" : {
                "width" : 353,
                "height" : 264
              },
              "position" : {
                "x" : 24,
                "y" : 31
              }
            } ]
          } ]
        }, {
          "type" : "ContainerCustomization",
          "name" : "Text 2",
          "label" : "Text 2",
          "children" : [ {
            "type" : "FontCustomization",
            "name" : "",
            "label" : "Choose Font Type",
            "fontSelection" : {
              "family" : "Arial"
            }
          }, {
            "type" : "ColorCustomization",
            "name" : "",
            "label" : "Choose Font Color",
            "colorSelection" : {
              "name" : "Black",
              "value" : "#000000",
              "colorModel" : "rgb"
            }
          }, {
            "type" : "ContainerCustomization",
            "children" : [ {
              "type" : "PlacementContainerCustomization",
              "name" : "Text Input 1",
              "label" : "Text Input 1",
              "children" : [ {
                "type" : "TextCustomization",
                "name" : "",
                "label" : "Custom Text Input 3",
                "inputValue" : ""
              } ],
              "dimension" : {
                "width" : 353,
                "height" : 264
              },
              "position" : {
                "x" : 24,
                "y" : 31
              }
            }, {
              "type" : "PlacementContainerCustomization",
              "name" : "Text Input 2",
              "label" : "Text Input 2",
              "children" : [ {
                "type" : "TextCustomization",
                "name" : "",
                "label" : "Custom Text Input 4",
                "inputValue" : ""
              } ],
              "dimension" : {
                "width" : 353,
                "height" : 264
              },
              "position" : {
                "x" : 24,
                "y" : 31
              }
            } ]
          } ]
        }, {
          "type" : "OptionCustomization",
          "name" : "Add more Signs?",
          "label" : "Add more signs?",
          "optionSelection" : "",
          "displayValue" : null
        } ]
      } ],
      "baseImage" : {
        "imageUrl" : "https://m.media-amazon.com/images/S/gestalt-seller-images-prod-us-east-1/ATVPDKIKX0DER/A2CD880XWTZB7/76a584ad-57b5-4e20-b085-02eccbe51e66.jpg",
        "dimension" : {
          "width" : 400,
          "height" : 400
        }
      },
      "snapshot" : {
        "imageName" : "e938c663-9f63-b858-cf1b-a268ebaa5790.jpg",
        "dimension" : {
          "width" : 400,
          "height" : 400
        }
      },
      "svg" : "00e83e8e-9b17-773c-f29f-ef9baad471f3.svg"
    }, {
      "type" : "PreviewContainerCustomization",
      "name" : "Portrait Sign",
      "label" : "Portrait Sign",
      "children" : [ {
        "type" : "FlatContainerCustomization",
        "children" : [ {
          "type" : "OptionCustomization",
          "name" : "Portrait Sign Background Color",
          "label" : "Portrait Sign Background Color",
          "optionSelection" : "",
          "displayValue" : null
        }, {
          "type" : "PlacementContainerCustomization",
          "name" : "Image 1",
          "label" : "Image 1",
          "children" : [ {
            "type" : "ImageCustomization",
            "name" : "",
            "label" : "Image Upload"
          } ],
          "dimension" : {
            "width" : 230,
            "height" : 305
          },
          "position" : {
            "x" : 90,
            "y" : 12
          }
        }, {
          "type" : "ContainerCustomization",
          "name" : "Text 1",
          "label" : "Text 1",
          "children" : [ {
            "type" : "FontCustomization",
            "name" : "",
            "label" : "Choose Font Type",
            "fontSelection" : {
              "family" : "Anton"
            }
          }, {
            "type" : "ColorCustomization",
            "name" : "",
            "label" : "Choose Font Color",
            "colorSelection" : {
              "name" : "Black",
              "value" : "#000000",
              "colorModel" : "rgb"
            }
          }, {
            "type" : "ContainerCustomization",
            "children" : [ {
              "type" : "PlacementContainerCustomization",
              "name" : "Text Input 1",
              "label" : "Text Input 1",
              "children" : [ {
                "type" : "TextCustomization",
                "name" : "",
                "label" : "Custom Text 1",
                "inputValue" : ""
              } ],
              "dimension" : {
                "width" : 230,
                "height" : 305
              },
              "position" : {
                "x" : 90,
                "y" : 12
              }
            }, {
              "type" : "PlacementContainerCustomization",
              "name" : "Text Input 2",
              "label" : "Text Input 2",
              "children" : [ {
                "type" : "TextCustomization",
                "name" : "",
                "label" : "Custom Text 2",
                "inputValue" : ""
              } ],
              "dimension" : {
                "width" : 230,
                "height" : 305
              },
              "position" : {
                "x" : 90,
                "y" : 12
              }
            } ]
          } ]
        }, {
          "type" : "ContainerCustomization",
          "name" : "Text 2",
          "label" : "Text 2",
          "children" : [ {
            "type" : "FontCustomization",
            "name" : "",
            "label" : "Choose Font Type",
            "fontSelection" : {
              "family" : "Anton"
            }
          }, {
            "type" : "ColorCustomization",
            "name" : "",
            "label" : "Choose Font Color",
            "colorSelection" : {
              "name" : "Black",
              "value" : "#000000",
              "colorModel" : "rgb"
            }
          }, {
            "type" : "ContainerCustomization",
            "children" : [ {
              "type" : "PlacementContainerCustomization",
              "name" : "Text Input 1",
              "label" : "Text Input 1",
              "children" : [ {
                "type" : "TextCustomization",
                "name" : "",
                "label" : "Custom Text 3",
                "inputValue" : ""
              } ],
              "dimension" : {
                "width" : 230,
                "height" : 305
              },
              "position" : {
                "x" : 90,
                "y" : 12
              }
            }, {
              "type" : "PlacementContainerCustomization",
              "name" : "Text Input 2",
              "label" : "Text Input 2",
              "children" : [ {
                "type" : "TextCustomization",
                "name" : "",
                "label" : "Custom Text 4",
                "inputValue" : ""
              } ],
              "dimension" : {
                "width" : 230,
                "height" : 305
              },
              "position" : {
                "x" : 90,
                "y" : 12
              }
            } ]
          } ]
        }, {
          "type" : "OptionCustomization",
          "name" : "Add more Signs?",
          "label" : "Add more signs?",
          "optionSelection" : "",
          "displayValue" : null
        } ]
      } ],
      "baseImage" : {
        "imageUrl" : "https://m.media-amazon.com/images/S/gestalt-seller-images-prod-us-east-1/ATVPDKIKX0DER/A2CD880XWTZB7/373bbafb-c037-4c1f-b581-691d7e3defa9.jpg",
        "dimension" : {
          "width" : 400,
          "height" : 400
        }
      },
      "snapshot" : {
        "imageName" : "f080333b-62d6-9f85-7f3c-38f13fb0904d.jpg",
        "dimension" : {
          "width" : 400,
          "height" : 400
        }
      },
      "svg" : "3a45fc4e-a2d7-3367-dd5d-46b19b5116ef.svg"
    } ]
  },
  "version3.0" : {
    "customizationInfo" : {
      "surfaces" : [ {
        "name" : "Landscape Sign",
        "areas" : [ {
          "customizationType" : "Options",
          "name" : "Landscape Sign Background Color",
          "label" : "Landscape Sign Background Color",
          "optionValue" : "White Landscape",
          "priceDelta" : {
            "value" : 0.0
          },
          "optionImage" : "https://m.media-amazon.com/images/S/gestalt-seller-images-prod-us-east-1/ATVPDKIKX0DER/A2CD880XWTZB7/fb5d0f80-6a39-4114-a06a-e6c1eec5563c.jpg"
        }, {
          "customizationType" : "ImagePrinting",
          "Dimensions" : {
            "width" : 353,
            "height" : 265
          },
          "Position" : {
            "x" : 25,
            "y" : 32
          },
          "name" : "Customization 1",
          "svgImage" : "00e83e8e-9b17-773c-f29f-ef9baad471f3.svg"
        }, {
          "customizationType" : "ImagePrinting",
          "Dimensions" : {
            "width" : 353,
            "height" : 265
          },
          "Position" : {
            "x" : 24,
            "y" : 31
          },
          "name" : "Customization 1",
          "svgImage" : "00e83e8e-9b17-773c-f29f-ef9baad471f3.svg"
        }, {
          "customizationType" : "TextPrinting",
          "colorName" : "Black",
          "fill" : "#000000",
          "fontFamily" : "Staatliches",
          "Dimensions" : {
            "width" : 353,
            "height" : 264
          },
          "Position" : {
            "x" : 24,
            "y" : 31
          },
          "name" : "Text Input 2",
          "label" : "Custom Text Input 2",
          "text" : ""
        }, {
          "customizationType" : "TextPrinting",
          "colorName" : "Black",
          "fill" : "#000000",
          "fontFamily" : "Arial",
          "Dimensions" : {
            "width" : 353,
            "height" : 264
          },
          "Position" : {
            "x" : 24,
            "y" : 31
          },
          "name" : "Text Input 1",
          "label" : "Custom Text Input 3",
          "text" : ""
        }, {
          "customizationType" : "TextPrinting",
          "colorName" : "Black",
          "fill" : "#000000",
          "fontFamily" : "Arial",
          "Dimensions" : {
            "width" : 353,
            "height" : 264
          },
          "Position" : {
            "x" : 24,
            "y" : 31
          },
          "name" : "Text Input 2",
          "label" : "Custom Text Input 4",
          "text" : ""
        }, {
          "customizationType" : "Options",
          "name" : "Add more Signs?",
          "label" : "Add more signs?",
          "optionValue" : ""
        } ]
      }, {
        "name" : "Portrait Sign",
        "areas" : [ {
          "customizationType" : "Options",
          "name" : "Portrait Sign Background Color",
          "label" : "Portrait Sign Background Color",
          "optionValue" : ""
        }, {
          "customizationType" : "ImagePrinting",
          "Dimensions" : {
            "width" : 230,
            "height" : 305
          },
          "Position" : {
            "x" : 90,
            "y" : 12
          },
          "name" : "Image 1",
          "svgImage" : "3a45fc4e-a2d7-3367-dd5d-46b19b5116ef.svg"
        }, {
          "customizationType" : "TextPrinting",
          "colorName" : "Black",
          "fill" : "#000000",
          "fontFamily" : "Anton",
          "Dimensions" : {
            "width" : 230,
            "height" : 305
          },
          "Position" : {
            "x" : 90,
            "y" : 12
          },
          "name" : "Text Input 1",
          "label" : "Custom Text 1",
          "text" : ""
        }, {
          "customizationType" : "TextPrinting",
          "colorName" : "Black",
          "fill" : "#000000",
          "fontFamily" : "Anton",
          "Dimensions" : {
            "width" : 230,
            "height" : 305
          },
          "Position" : {
            "x" : 90,
            "y" : 12
          },
          "name" : "Text Input 2",
          "label" : "Custom Text 2",
          "text" : ""
        }, {
          "customizationType" : "TextPrinting",
          "colorName" : "Black",
          "fill" : "#000000",
          "fontFamily" : "Anton",
          "Dimensions" : {
            "width" : 230,
            "height" : 305
          },
          "Position" : {
            "x" : 90,
            "y" : 12
          },
          "name" : "Text Input 1",
          "label" : "Custom Text 3",
          "text" : ""
        }, {
          "customizationType" : "TextPrinting",
          "colorName" : "Black",
          "fill" : "#000000",
          "fontFamily" : "Anton",
          "Dimensions" : {
            "width" : 230,
            "height" : 305
          },
          "Position" : {
            "x" : 90,
            "y" : 12
          },
          "name" : "Text Input 2",
          "label" : "Custom Text 4",
          "text" : ""
        }, {
          "customizationType" : "Options",
          "name" : "Add more Signs?",
          "label" : "Add more signs?",
          "optionValue" : ""
        } ]
      } ]
    }
  }
}