<data><marketplaceId>ATVPDKIKX0DER</marketplaceId><quantity>1</quantity><orderId>111-3122885-5033061</orderId><merchantId>A1CIC4I1BRMOQY</merchantId><customizationData><children><children><children><children><image><imageName>c4a553fb-9e89-4760-ac93-ddc3c30dfd19.png</imageName><buyerFilename>Ursinus logo.png</buyerFilename></image><name/><label>Image 1</label><type>ImageCustomization</type></children><name>Image 1</name><label>Image 1</label><position><x>16</x><y>52</y></position><type>PlacementContainerCustomization</type><dimension><width>367</width><height>278</height></dimension><buyerPlacement><scale><scaleX>1.370342003175495</scaleX><scaleY>1.370342003175495</scaleY></scale><position><x>65.04967580797546</x><y>161.11452420553059</y></position><dimension><width>203</width><height>122</height></dimension><angleOfRotation>0</angleOfRotation></buyerPlacement></children><children><children><name/><label>Image 2</label><type>ImageCustomization</type></children><name>Image 2</name><label>Image 2</label><position><x>16</x><y>52</y></position><type>PlacementContainerCustomization</type><dimension><width>367</width><height>275</height></dimension></children><children><children><name/><label>Image 3</label><type>ImageCustomization</type></children><name>Image 3</name><label>Image 3</label><position><x>16</x><y>51</y></position><type>PlacementContainerCustomization</type><dimension><width>367</width><height>278</height></dimension></children><children><children><name/><label>Image 4</label><type>ImageCustomization</type></children><name>Image 4</name><label>Image 4</label><position><x>16</x><y>50</y></position><type>PlacementContainerCustomization</type><dimension><width>368</width><height>276</height></dimension></children><children><children><name/><label>Image 5</label><type>ImageCustomization</type></children><name>Image 5</name><label>Image 5</label><position><x>17</x><y>50</y></position><type>PlacementContainerCustomization</type><dimension><width>367</width><height>277</height></dimension></children><children><children><name/><label>Text 1</label><type>FontCustomization</type><fontSelection><family>Lato</family></fontSelection></children><children><colorSelection><name>Black</name><colorModel>rgb</colorModel><value>#000000</value></colorSelection><name/><label>Text Colors</label><type>ColorCustomization</type></children><children><children><children><name/><inputValue>Ursinus College 
RUGBY</inputValue><label>Text 1</label><type>TextCustomization</type></children><name>Text Input 1</name><label>Text Input 1</label><position><x>17</x><y>51</y></position><type>PlacementContainerCustomization</type><dimension><width>365</width><height>275</height></dimension><buyerPlacement><scale><scaleX>0.16537845026309575</scaleX><scaleY>0.16537845026309575</scaleY></scale><position><x>56.514686233701305</x><y>59.180592733168254</y></position><dimension><width>1729.189184429138</width><height>597.227244094488</height></dimension><angleOfRotation>0</angleOfRotation></buyerPlacement></children><children><children><name/><inputValue/><label>Text 2</label><type>TextCustomization</type></children><name>Text Input 2</name><label>Text Input 2</label><position><x>18</x><y>53</y></position><type>PlacementContainerCustomization</type><dimension><width>364</width><height>275</height></dimension></children><children><children><name/><inputValue/><label>Text 3</label><type>TextCustomization</type></children><name>Text Input 3</name><label>Text Input 3</label><position><x>14</x><y>52</y></position><type>PlacementContainerCustomization</type><dimension><width>366</width><height>274</height></dimension></children><children><children><name/><inputValue/><label>Text 4</label><type>TextCustomization</type></children><name>Text Input 4</name><label>Text Input 4</label><position><x>16</x><y>52</y></position><type>PlacementContainerCustomization</type><dimension><width>366</width><height>276</height></dimension></children><type>ContainerCustomization</type></children><name>Text 1</name><label>Text 1</label><type>ContainerCustomization</type></children><children><displayValue>No thanks (2 signs, $13.48/ea)</displayValue><name>Option Dropdown 1</name><label>Add more signs?</label><type>OptionCustomization</type><optionSelection><name>No thanks (2 signs, $13.48/ea)</name><label>No thanks (2 signs, $13.48/ea)</label><thumbnailImage><imageUrl>https://m.media-amazon.com/images/S/gestalt-seller-images-prod-us-east-1/ATVPDKIKX0DER/A1CIC4I1BRMOQY/e5d96fd8-a893-4844-b1b8-2a873f485cff.jpg</imageUrl><dimension><width>1440</width><height>1440</height></dimension></thumbnailImage><additionalCost><amount>0</amount></additionalCost></optionSelection></children><children><name>Data 1</name><inputValue/><label>Leave a message to us.</label><type>TextCustomization</type></children><type>FlatContainerCustomization</type></children><svg>dfe5b4f0-7604-71dd-d78a-2b615f1a6c90.svg</svg><name>Surface 1</name><baseImage><imageUrl>https://m.media-amazon.com/images/S/gestalt-seller-images-prod-us-east-1/ATVPDKIKX0DER/A1CIC4I1BRMOQY/ba620fc3-3094-4ead-8b7a-a192c0f6afd6.png</imageUrl><dimension><width>400</width><height>400</height></dimension></baseImage><label>Surface 1</label><type>PreviewContainerCustomization</type><snapshot><imageName>75dcbe2c-e6ee-2559-e5bd-4263ff050e18.jpg</imageName><dimension><width>400</width><height>400</height></dimension></snapshot></children><type>PageContainerCustomization</type></customizationData><version3.0><customizationInfo><surfaces><name>Surface 1</name><areas><Position><x>16</x><y>52</y></Position><svgImage>dfe5b4f0-7604-71dd-d78a-2b615f1a6c90.svg</svgImage><name>Image 1</name><Dimensions><width>367</width><height>278</height></Dimensions><customizationType>ImagePrinting</customizationType></areas><areas><Position><x>16</x><y>52</y></Position><svgImage>dfe5b4f0-7604-71dd-d78a-2b615f1a6c90.svg</svgImage><name>Image 2</name><Dimensions><width>367</width><height>275</height></Dimensions><customizationType>ImagePrinting</customizationType></areas><areas><Position><x>16</x><y>51</y></Position><svgImage>dfe5b4f0-7604-71dd-d78a-2b615f1a6c90.svg</svgImage><name>Image 3</name><Dimensions><width>367</width><height>278</height></Dimensions><customizationType>ImagePrinting</customizationType></areas><areas><Position><x>16</x><y>50</y></Position><svgImage>dfe5b4f0-7604-71dd-d78a-2b615f1a6c90.svg</svgImage><name>Image 4</name><Dimensions><width>368</width><height>276</height></Dimensions><customizationType>ImagePrinting</customizationType></areas><areas><Position><x>17</x><y>50</y></Position><svgImage>dfe5b4f0-7604-71dd-d78a-2b615f1a6c90.svg</svgImage><name>Image 5</name><Dimensions><width>367</width><height>277</height></Dimensions><customizationType>ImagePrinting</customizationType></areas><areas><Position><x>17</x><y>51</y></Position><svgImage>dfe5b4f0-7604-71dd-d78a-2b615f1a6c90.svg</svgImage><name>Text Input 1</name><Dimensions><width>365</width><height>275</height></Dimensions><customizationType>ImagePrinting</customizationType></areas><areas><colorName>Black</colorName><fontFamily>Lato</fontFamily><Position><x>18</x><y>53</y></Position><name>Text Input 2</name><Dimensions><width>364</width><height>275</height></Dimensions><label>Text 2</label><text/><fill>#000000</fill><customizationType>TextPrinting</customizationType></areas><areas><colorName>Black</colorName><fontFamily>Lato</fontFamily><Position><x>14</x><y>52</y></Position><name>Text Input 3</name><Dimensions><width>366</width><height>274</height></Dimensions><label>Text 3</label><text/><fill>#000000</fill><customizationType>TextPrinting</customizationType></areas><areas><colorName>Black</colorName><fontFamily>Lato</fontFamily><Position><x>16</x><y>52</y></Position><name>Text Input 4</name><Dimensions><width>366</width><height>276</height></Dimensions><label>Text 4</label><text/><fill>#000000</fill><customizationType>TextPrinting</customizationType></areas><areas><optionValue>No thanks (2 signs, $13.48/ea)</optionValue><name>Option Dropdown 1</name><priceDelta><value>0.0</value></priceDelta><label>Add more signs?</label><customizationType>Options</customizationType><optionImage/></areas><areas><name>Data 1</name><label>Leave a message to us.</label><text/><customizationType>TextPrinting</customizationType></areas></surfaces></customizationInfo></version3.0><orderItemId>75633766422281</orderItemId><asin>B0BCP337TV</asin><title>Two Pack Custom + Personalized 18x24&quot; Horizontal Yard Sign (Outdoor, Weatherproof Corrugated Plastic) Metal Stake Included, by Legit Fast Printing</title><legacyOrderItemId>null</legacyOrderItemId></data>