{
  "orderId" : "112-8443116-3349046",
  "orderItemId" : "74549529565161",
  "legacyOrderItemId" : null,
  "merchantId" : "A2CD880XWTZB7",
  "marketplaceId" : "ATVPDKIKX0DER",
  "asin" : "B07X7KK9CH",
  "title" : "Personalize Custom Yard Sign 24\" x 18\", Metal H-Stake Included",
  "quantity" : 1,
  "customizationData" : {
    "type" : "PageContainerCustomization",
    "children" : [ {
      "type" : "PreviewContainerCustomization",
      "name" : "Landscape Sign",
      "label" : "Landscape Sign",
      "children" : [ {
        "type" : "FlatContainerCustomization",
        "children" : [ {
          "type" : "OptionCustomization",
          "name" : "Landscape Sign Background Color",
          "label" : "Landscape Sign Background Color",
          "optionSelection" : {
            "name" : "Red Landscape",
            "label" : "Red Landscape",
            "additionalCost" : {
              "amount" : 0
            },
            "overlayImage" : {
              "imageUrl" : "https://m.media-amazon.com/images/S/gestalt-seller-images-prod-us-east-1/ATVPDKIKX0DER/A2CD880XWTZB7/615a9750-a899-4347-8315-f50927fff10c.jpg",
              "dimension" : {
                "width" : 400,
                "height" : 400
              }
            },
            "thumbnailImage" : {
              "imageUrl" : "https://m.media-amazon.com/images/S/gestalt-seller-images-prod-us-east-1/ATVPDKIKX0DER/A2CD880XWTZB7/7887031f-3baf-4af1-a45c-2d09ac66d631.jpg",
              "dimension" : {
                "width" : 400,
                "height" : 400
              }
            }
          },
          "displayValue" : "Red Landscape"
        }, {
          "type" : "PlacementContainerCustomization",
          "name" : "Customization 1",
          "children" : [ {
            "type" : "ImageCustomization",
            "label" : "Image"
          } ],
          "dimension" : {
            "width" : 353,
            "height" : 265
          },
          "position" : {
            "x" : 25,
            "y" : 32
          }
        }, {
          "type" : "ContainerCustomization",
          "name" : "Text Input",
          "children" : [ {
            "type" : "FontCustomization",
            "label" : "Choose Font Type",
            "fontSelection" : {
              "family" : "Anton"
            }
          }, {
            "type" : "ColorCustomization",
            "label" : "Choose Font Color",
            "colorSelection" : {
              "name" : "White",
              "value" : "#ffffff",
              "colorModel" : "rgb"
            }
          }, {
            "type" : "ContainerCustomization",
            "children" : [ {
              "type" : "PlacementContainerCustomization",
              "name" : "Customization 1",
              "children" : [ {
                "type" : "TextCustomization",
                "label" : "Custom Text Input 1",
                "inputValue" : "Don't scare our horses"
              } ],
              "dimension" : {
                "width" : 353,
                "height" : 265
              },
              "position" : {
                "x" : 24,
                "y" : 31
              },
              "buyerPlacement" : {
                "position" : {
                  "x" : 41,
                  "y" : 40.360363468719186
                },
                "dimension" : {
                  "width" : 1445.4478236607142,
                  "height" : 179.03624338624334
                },
                "scale" : {
                  "scaleX" : 0.21468793860690155,
                  "scaleY" : 0.21468793860690155
                },
                "angleOfRotation" : 0
              }
            }, {
              "type" : "PlacementContainerCustomization",
              "name" : "Text Input 2",
              "label" : "Text Input 2",
              "children" : [ {
                "type" : "TextCustomization",
                "label" : "Custom Text Input 2",
                "inputValue" : "PLEASE"
              } ],
              "dimension" : {
                "width" : 353,
                "height" : 264
              },
              "position" : {
                "x" : 24,
                "y" : 31
              },
              "buyerPlacement" : {
                "position" : {
                  "x" : 96.9605328278626,
                  "y" : 94.85983454246437
                },
                "dimension" : {
                  "width" : 416.64546130952374,
                  "height" : 178.36063492063485
                },
                "scale" : {
                  "scaleX" : 0.4635237552465278,
                  "scaleY" : 0.4635237552465278
                },
                "angleOfRotation" : 0
              }
            } ]
          } ]
        }, {
          "type" : "ContainerCustomization",
          "name" : "Text 2",
          "label" : "Text 2",
          "children" : [ {
            "type" : "FontCustomization",
            "name" : "",
            "label" : "Choose Font Type",
            "fontSelection" : {
              "family" : "Anton"
            }
          }, {
            "type" : "ColorCustomization",
            "name" : "",
            "label" : "Choose Font Color",
            "colorSelection" : {
              "name" : "White",
              "value" : "#ffffff",
              "colorModel" : "rgb"
            }
          }, {
            "type" : "ContainerCustomization",
            "children" : [ {
              "type" : "PlacementContainerCustomization",
              "name" : "Text Input 1",
              "label" : "Text Input 1",
              "children" : [ {
                "type" : "TextCustomization",
                "name" : "",
                "label" : "Custom Text Input 3",
                "inputValue" : "YELL \"DOOR!\""
              } ],
              "dimension" : {
                "width" : 353,
                "height" : 264
              },
              "position" : {
                "x" : 24,
                "y" : 31
              },
              "buyerPlacement" : {
                "position" : {
                  "x" : 37,
                  "y" : 175.85983454246434
                },
                "dimension" : {
                  "width" : 775.9501488095236,
                  "height" : 178.36063492063485
                },
                "scale" : {
                  "scaleX" : 0.435723456795309,
                  "scaleY" : 0.435723456795309
                },
                "angleOfRotation" : 0
              }
            }, {
              "type" : "PlacementContainerCustomization",
              "name" : "Text Input 2",
              "label" : "Text Input 2",
              "children" : [ {
                "type" : "TextCustomization",
                "name" : "",
                "label" : "Custom Text Input 4",
                "inputValue" : ""
              } ],
              "dimension" : {
                "width" : 353,
                "height" : 264
              },
              "position" : {
                "x" : 24,
                "y" : 31
              }
            } ]
          } ]
        }, {
          "type" : "OptionCustomization",
          "name" : "Add more Signs?",
          "label" : "Add more signs?",
          "optionSelection" : "",
          "displayValue" : null
        } ]
      } ],
      "baseImage" : {
        "imageUrl" : "https://m.media-amazon.com/images/S/gestalt-seller-images-prod-us-east-1/ATVPDKIKX0DER/A2CD880XWTZB7/76a584ad-57b5-4e20-b085-02eccbe51e66.jpg",
        "dimension" : {
          "width" : 400,
          "height" : 400
        }
      },
      "snapshot" : {
        "imageName" : "346fb05f-2f49-f9ca-48e4-d1888ac14c4d.jpg",
        "dimension" : {
          "width" : 400,
          "height" : 400
        }
      },
      "svg" : "4e86396e-5157-2445-874e-033bf9406092.svg"
    }, {
      "type" : "PreviewContainerCustomization",
      "name" : "Portrait Sign",
      "label" : "Portrait Sign",
      "children" : [ {
        "type" : "FlatContainerCustomization",
        "children" : [ {
          "type" : "OptionCustomization",
          "name" : "Portrait Sign Background Color",
          "label" : "Portrait Sign Background Color",
          "optionSelection" : "",
          "displayValue" : null
        }, {
          "type" : "PlacementContainerCustomization",
          "name" : "Image 1",
          "label" : "Image 1",
          "children" : [ {
            "type" : "ImageCustomization",
            "name" : "",
            "label" : "Image Upload"
          } ],
          "dimension" : {
            "width" : 230,
            "height" : 305
          },
          "position" : {
            "x" : 90,
            "y" : 12
          }
        }, {
          "type" : "ContainerCustomization",
          "name" : "Text 1",
          "label" : "Text 1",
          "children" : [ {
            "type" : "FontCustomization",
            "name" : "",
            "label" : "Choose Font Type",
            "fontSelection" : {
              "family" : "Anton"
            }
          }, {
            "type" : "ColorCustomization",
            "name" : "",
            "label" : "Choose Font Color",
            "colorSelection" : {
              "name" : "Black",
              "value" : "#000000",
              "colorModel" : "rgb"
            }
          }, {
            "type" : "ContainerCustomization",
            "children" : [ {
              "type" : "PlacementContainerCustomization",
              "name" : "Text Input 1",
              "label" : "Text Input 1",
              "children" : [ {
                "type" : "TextCustomization",
                "name" : "",
                "label" : "Custom Text 1",
                "inputValue" : ""
              } ],
              "dimension" : {
                "width" : 230,
                "height" : 305
              },
              "position" : {
                "x" : 90,
                "y" : 12
              }
            }, {
              "type" : "PlacementContainerCustomization",
              "name" : "Text Input 2",
              "label" : "Text Input 2",
              "children" : [ {
                "type" : "TextCustomization",
                "name" : "",
                "label" : "Custom Text 2",
                "inputValue" : ""
              } ],
              "dimension" : {
                "width" : 230,
                "height" : 305
              },
              "position" : {
                "x" : 90,
                "y" : 12
              }
            } ]
          } ]
        }, {
          "type" : "ContainerCustomization",
          "name" : "Text 2",
          "label" : "Text 2",
          "children" : [ {
            "type" : "FontCustomization",
            "name" : "",
            "label" : "Choose Font Type",
            "fontSelection" : {
              "family" : "Anton"
            }
          }, {
            "type" : "ColorCustomization",
            "name" : "",
            "label" : "Choose Font Color",
            "colorSelection" : {
              "name" : "Black",
              "value" : "#000000",
              "colorModel" : "rgb"
            }
          }, {
            "type" : "ContainerCustomization",
            "children" : [ {
              "type" : "PlacementContainerCustomization",
              "name" : "Text Input 1",
              "label" : "Text Input 1",
              "children" : [ {
                "type" : "TextCustomization",
                "name" : "",
                "label" : "Custom Text 3",
                "inputValue" : ""
              } ],
              "dimension" : {
                "width" : 230,
                "height" : 305
              },
              "position" : {
                "x" : 90,
                "y" : 12
              }
            }, {
              "type" : "PlacementContainerCustomization",
              "name" : "Text Input 2",
              "label" : "Text Input 2",
              "children" : [ {
                "type" : "TextCustomization",
                "name" : "",
                "label" : "Custom Text 4",
                "inputValue" : ""
              } ],
              "dimension" : {
                "width" : 230,
                "height" : 305
              },
              "position" : {
                "x" : 90,
                "y" : 12
              }
            } ]
          } ]
        }, {
          "type" : "OptionCustomization",
          "name" : "Add more Signs?",
          "label" : "Add more signs?",
          "optionSelection" : "",
          "displayValue" : null
        } ]
      } ],
      "baseImage" : {
        "imageUrl" : "https://m.media-amazon.com/images/S/gestalt-seller-images-prod-us-east-1/ATVPDKIKX0DER/A2CD880XWTZB7/373bbafb-c037-4c1f-b581-691d7e3defa9.jpg",
        "dimension" : {
          "width" : 400,
          "height" : 400
        }
      },
      "snapshot" : {
        "imageName" : "da394886-c44a-14b3-cafa-3305f1da9981.jpg",
        "dimension" : {
          "width" : 400,
          "height" : 400
        }
      },
      "svg" : "2ec00d55-798b-42e8-6fd5-1640be76fa24.svg"
    } ]
  },
  "version3.0" : {
    "customizationInfo" : {
      "surfaces" : [ {
        "name" : "Landscape Sign",
        "areas" : [ {
          "customizationType" : "Options",
          "name" : "Landscape Sign Background Color",
          "label" : "Landscape Sign Background Color",
          "optionValue" : "Red Landscape",
          "priceDelta" : {
            "value" : 0.0
          },
          "optionImage" : "https://m.media-amazon.com/images/S/gestalt-seller-images-prod-us-east-1/ATVPDKIKX0DER/A2CD880XWTZB7/615a9750-a899-4347-8315-f50927fff10c.jpg"
        }, {
          "customizationType" : "ImagePrinting",
          "Dimensions" : {
            "width" : 353,
            "height" : 265
          },
          "Position" : {
            "x" : 25,
            "y" : 32
          },
          "name" : "Customization 1",
          "svgImage" : "4e86396e-5157-2445-874e-033bf9406092.svg"
        }, {
          "customizationType" : "ImagePrinting",
          "Dimensions" : {
            "width" : 353,
            "height" : 265
          },
          "Position" : {
            "x" : 24,
            "y" : 31
          },
          "name" : "Customization 1",
          "svgImage" : "4e86396e-5157-2445-874e-033bf9406092.svg"
        }, {
          "customizationType" : "ImagePrinting",
          "Dimensions" : {
            "width" : 353,
            "height" : 264
          },
          "Position" : {
            "x" : 24,
            "y" : 31
          },
          "name" : "Text Input 2",
          "svgImage" : "4e86396e-5157-2445-874e-033bf9406092.svg"
        }, {
          "customizationType" : "ImagePrinting",
          "Dimensions" : {
            "width" : 353,
            "height" : 264
          },
          "Position" : {
            "x" : 24,
            "y" : 31
          },
          "name" : "Text Input 1",
          "svgImage" : "4e86396e-5157-2445-874e-033bf9406092.svg"
        }, {
          "customizationType" : "TextPrinting",
          "colorName" : "White",
          "fill" : "#ffffff",
          "fontFamily" : "Anton",
          "Dimensions" : {
            "width" : 353,
            "height" : 264
          },
          "Position" : {
            "x" : 24,
            "y" : 31
          },
          "name" : "Text Input 2",
          "label" : "Custom Text Input 4",
          "text" : ""
        }, {
          "customizationType" : "Options",
          "name" : "Add more Signs?",
          "label" : "Add more signs?",
          "optionValue" : ""
        } ]
      }, {
        "name" : "Portrait Sign",
        "areas" : [ {
          "customizationType" : "Options",
          "name" : "Portrait Sign Background Color",
          "label" : "Portrait Sign Background Color",
          "optionValue" : ""
        }, {
          "customizationType" : "ImagePrinting",
          "Dimensions" : {
            "width" : 230,
            "height" : 305
          },
          "Position" : {
            "x" : 90,
            "y" : 12
          },
          "name" : "Image 1",
          "svgImage" : "2ec00d55-798b-42e8-6fd5-1640be76fa24.svg"
        }, {
          "customizationType" : "TextPrinting",
          "colorName" : "Black",
          "fill" : "#000000",
          "fontFamily" : "Anton",
          "Dimensions" : {
            "width" : 230,
            "height" : 305
          },
          "Position" : {
            "x" : 90,
            "y" : 12
          },
          "name" : "Text Input 1",
          "label" : "Custom Text 1",
          "text" : ""
        }, {
          "customizationType" : "TextPrinting",
          "colorName" : "Black",
          "fill" : "#000000",
          "fontFamily" : "Anton",
          "Dimensions" : {
            "width" : 230,
            "height" : 305
          },
          "Position" : {
            "x" : 90,
            "y" : 12
          },
          "name" : "Text Input 2",
          "label" : "Custom Text 2",
          "text" : ""
        }, {
          "customizationType" : "TextPrinting",
          "colorName" : "Black",
          "fill" : "#000000",
          "fontFamily" : "Anton",
          "Dimensions" : {
            "width" : 230,
            "height" : 305
          },
          "Position" : {
            "x" : 90,
            "y" : 12
          },
          "name" : "Text Input 1",
          "label" : "Custom Text 3",
          "text" : ""
        }, {
          "customizationType" : "TextPrinting",
          "colorName" : "Black",
          "fill" : "#000000",
          "fontFamily" : "Anton",
          "Dimensions" : {
            "width" : 230,
            "height" : 305
          },
          "Position" : {
            "x" : 90,
            "y" : 12
          },
          "name" : "Text Input 2",
          "label" : "Custom Text 4",
          "text" : ""
        }, {
          "customizationType" : "Options",
          "name" : "Add more Signs?",
          "label" : "Add more signs?",
          "optionValue" : ""
        } ]
      } ]
    }
  }
}