<data><marketplaceId>ATVPDKIKX0DER</marketplaceId><quantity>1</quantity><orderId>112-8443116-3349046</orderId><merchantId>A2CD880XWTZB7</merchantId><customizationData><children><children><children><displayValue>Red Landscape</displayValue><name>Landscape Sign Background Color</name><label>Landscape Sign Background Color</label><type>OptionCustomization</type><optionSelection><name>Red Landscape</name><overlayImage><imageUrl>https://m.media-amazon.com/images/S/gestalt-seller-images-prod-us-east-1/ATVPDKIKX0DER/A2CD880XWTZB7/615a9750-a899-4347-8315-f50927fff10c.jpg</imageUrl><dimension><width>400</width><height>400</height></dimension></overlayImage><label>Red Landscape</label><thumbnailImage><imageUrl>https://m.media-amazon.com/images/S/gestalt-seller-images-prod-us-east-1/ATVPDKIKX0DER/A2CD880XWTZB7/7887031f-3baf-4af1-a45c-2d09ac66d631.jpg</imageUrl><dimension><width>400</width><height>400</height></dimension></thumbnailImage><additionalCost><amount>0</amount></additionalCost></optionSelection></children><children><children><label>Image</label><type>ImageCustomization</type></children><name>Customization 1</name><position><x>25</x><y>32</y></position><type>PlacementContainerCustomization</type><dimension><width>353</width><height>265</height></dimension></children><children><children><label>Choose Font Type</label><type>FontCustomization</type><fontSelection><family>Anton</family></fontSelection></children><children><colorSelection><name>White</name><colorModel>rgb</colorModel><value>#ffffff</value></colorSelection><label>Choose Font Color</label><type>ColorCustomization</type></children><children><children><children><inputValue>Don&apos;t scare our horses</inputValue><label>Custom Text Input 1</label><type>TextCustomization</type></children><name>Customization 1</name><position><x>24</x><y>31</y></position><type>PlacementContainerCustomization</type><dimension><width>353</width><height>265</height></dimension><buyerPlacement><scale><scaleX>0.21468793860690155</scaleX><scaleY>0.21468793860690155</scaleY></scale><position><x>41</x><y>40.360363468719186</y></position><dimension><width>1445.4478236607142</width><height>179.03624338624334</height></dimension><angleOfRotation>0</angleOfRotation></buyerPlacement></children><children><children><inputValue>PLEASE</inputValue><label>Custom Text Input 2</label><type>TextCustomization</type></children><name>Text Input 2</name><label>Text Input 2</label><position><x>24</x><y>31</y></position><type>PlacementContainerCustomization</type><dimension><width>353</width><height>264</height></dimension><buyerPlacement><scale><scaleX>0.4635237552465278</scaleX><scaleY>0.4635237552465278</scaleY></scale><position><x>96.9605328278626</x><y>94.85983454246437</y></position><dimension><width>416.64546130952374</width><height>178.36063492063485</height></dimension><angleOfRotation>0</angleOfRotation></buyerPlacement></children><type>ContainerCustomization</type></children><name>Text Input</name><type>ContainerCustomization</type></children><children><children><name/><label>Choose Font Type</label><type>FontCustomization</type><fontSelection><family>Anton</family></fontSelection></children><children><colorSelection><name>White</name><colorModel>rgb</colorModel><value>#ffffff</value></colorSelection><name/><label>Choose Font Color</label><type>ColorCustomization</type></children><children><children><children><name/><inputValue>YELL &quot;DOOR!&quot;</inputValue><label>Custom Text Input 3</label><type>TextCustomization</type></children><name>Text Input 1</name><label>Text Input 1</label><position><x>24</x><y>31</y></position><type>PlacementContainerCustomization</type><dimension><width>353</width><height>264</height></dimension><buyerPlacement><scale><scaleX>0.435723456795309</scaleX><scaleY>0.435723456795309</scaleY></scale><position><x>37</x><y>175.85983454246434</y></position><dimension><width>775.9501488095236</width><height>178.36063492063485</height></dimension><angleOfRotation>0</angleOfRotation></buyerPlacement></children><children><children><name/><inputValue/><label>Custom Text Input 4</label><type>TextCustomization</type></children><name>Text Input 2</name><label>Text Input 2</label><position><x>24</x><y>31</y></position><type>PlacementContainerCustomization</type><dimension><width>353</width><height>264</height></dimension></children><type>ContainerCustomization</type></children><name>Text 2</name><label>Text 2</label><type>ContainerCustomization</type></children><children><displayValue>null</displayValue><name>Add more Signs?</name><label>Add more signs?</label><type>OptionCustomization</type><optionSelection/></children><type>FlatContainerCustomization</type></children><svg>4e86396e-5157-2445-874e-033bf9406092.svg</svg><name>Landscape Sign</name><baseImage><imageUrl>https://m.media-amazon.com/images/S/gestalt-seller-images-prod-us-east-1/ATVPDKIKX0DER/A2CD880XWTZB7/76a584ad-57b5-4e20-b085-02eccbe51e66.jpg</imageUrl><dimension><width>400</width><height>400</height></dimension></baseImage><label>Landscape Sign</label><type>PreviewContainerCustomization</type><snapshot><imageName>346fb05f-2f49-f9ca-48e4-d1888ac14c4d.jpg</imageName><dimension><width>400</width><height>400</height></dimension></snapshot></children><children><children><children><displayValue>null</displayValue><name>Portrait Sign Background Color</name><label>Portrait Sign Background Color</label><type>OptionCustomization</type><optionSelection/></children><children><children><name/><label>Image Upload</label><type>ImageCustomization</type></children><name>Image 1</name><label>Image 1</label><position><x>90</x><y>12</y></position><type>PlacementContainerCustomization</type><dimension><width>230</width><height>305</height></dimension></children><children><children><name/><label>Choose Font Type</label><type>FontCustomization</type><fontSelection><family>Anton</family></fontSelection></children><children><colorSelection><name>Black</name><colorModel>rgb</colorModel><value>#000000</value></colorSelection><name/><label>Choose Font Color</label><type>ColorCustomization</type></children><children><children><children><name/><inputValue/><label>Custom Text 1</label><type>TextCustomization</type></children><name>Text Input 1</name><label>Text Input 1</label><position><x>90</x><y>12</y></position><type>PlacementContainerCustomization</type><dimension><width>230</width><height>305</height></dimension></children><children><children><name/><inputValue/><label>Custom Text 2</label><type>TextCustomization</type></children><name>Text Input 2</name><label>Text Input 2</label><position><x>90</x><y>12</y></position><type>PlacementContainerCustomization</type><dimension><width>230</width><height>305</height></dimension></children><type>ContainerCustomization</type></children><name>Text 1</name><label>Text 1</label><type>ContainerCustomization</type></children><children><children><name/><label>Choose Font Type</label><type>FontCustomization</type><fontSelection><family>Anton</family></fontSelection></children><children><colorSelection><name>Black</name><colorModel>rgb</colorModel><value>#000000</value></colorSelection><name/><label>Choose Font Color</label><type>ColorCustomization</type></children><children><children><children><name/><inputValue/><label>Custom Text 3</label><type>TextCustomization</type></children><name>Text Input 1</name><label>Text Input 1</label><position><x>90</x><y>12</y></position><type>PlacementContainerCustomization</type><dimension><width>230</width><height>305</height></dimension></children><children><children><name/><inputValue/><label>Custom Text 4</label><type>TextCustomization</type></children><name>Text Input 2</name><label>Text Input 2</label><position><x>90</x><y>12</y></position><type>PlacementContainerCustomization</type><dimension><width>230</width><height>305</height></dimension></children><type>ContainerCustomization</type></children><name>Text 2</name><label>Text 2</label><type>ContainerCustomization</type></children><children><displayValue>null</displayValue><name>Add more Signs?</name><label>Add more signs?</label><type>OptionCustomization</type><optionSelection/></children><type>FlatContainerCustomization</type></children><svg>2ec00d55-798b-42e8-6fd5-1640be76fa24.svg</svg><name>Portrait Sign</name><baseImage><imageUrl>https://m.media-amazon.com/images/S/gestalt-seller-images-prod-us-east-1/ATVPDKIKX0DER/A2CD880XWTZB7/373bbafb-c037-4c1f-b581-691d7e3defa9.jpg</imageUrl><dimension><width>400</width><height>400</height></dimension></baseImage><label>Portrait Sign</label><type>PreviewContainerCustomization</type><snapshot><imageName>da394886-c44a-14b3-cafa-3305f1da9981.jpg</imageName><dimension><width>400</width><height>400</height></dimension></snapshot></children><type>PageContainerCustomization</type></customizationData><version3.0><customizationInfo><surfaces><name>Landscape Sign</name><areas><optionValue>Red Landscape</optionValue><name>Landscape Sign Background Color</name><priceDelta><value>0.0</value></priceDelta><label>Landscape Sign Background Color</label><customizationType>Options</customizationType><optionImage>https://m.media-amazon.com/images/S/gestalt-seller-images-prod-us-east-1/ATVPDKIKX0DER/A2CD880XWTZB7/615a9750-a899-4347-8315-f50927fff10c.jpg</optionImage></areas><areas><Position><x>25</x><y>32</y></Position><svgImage>4e86396e-5157-2445-874e-033bf9406092.svg</svgImage><name>Customization 1</name><Dimensions><width>353</width><height>265</height></Dimensions><customizationType>ImagePrinting</customizationType></areas><areas><Position><x>24</x><y>31</y></Position><svgImage>4e86396e-5157-2445-874e-033bf9406092.svg</svgImage><name>Customization 1</name><Dimensions><width>353</width><height>265</height></Dimensions><customizationType>ImagePrinting</customizationType></areas><areas><Position><x>24</x><y>31</y></Position><svgImage>4e86396e-5157-2445-874e-033bf9406092.svg</svgImage><name>Text Input 2</name><Dimensions><width>353</width><height>264</height></Dimensions><customizationType>ImagePrinting</customizationType></areas><areas><Position><x>24</x><y>31</y></Position><svgImage>4e86396e-5157-2445-874e-033bf9406092.svg</svgImage><name>Text Input 1</name><Dimensions><width>353</width><height>264</height></Dimensions><customizationType>ImagePrinting</customizationType></areas><areas><colorName>White</colorName><fontFamily>Anton</fontFamily><Position><x>24</x><y>31</y></Position><name>Text Input 2</name><Dimensions><width>353</width><height>264</height></Dimensions><label>Custom Text Input 4</label><text/><fill>#ffffff</fill><customizationType>TextPrinting</customizationType></areas><areas><optionValue/><name>Add more Signs?</name><label>Add more signs?</label><customizationType>Options</customizationType></areas></surfaces><surfaces><name>Portrait Sign</name><areas><optionValue/><name>Portrait Sign Background Color</name><label>Portrait Sign Background Color</label><customizationType>Options</customizationType></areas><areas><Position><x>90</x><y>12</y></Position><svgImage>2ec00d55-798b-42e8-6fd5-1640be76fa24.svg</svgImage><name>Image 1</name><Dimensions><width>230</width><height>305</height></Dimensions><customizationType>ImagePrinting</customizationType></areas><areas><colorName>Black</colorName><fontFamily>Anton</fontFamily><Position><x>90</x><y>12</y></Position><name>Text Input 1</name><Dimensions><width>230</width><height>305</height></Dimensions><label>Custom Text 1</label><text/><fill>#000000</fill><customizationType>TextPrinting</customizationType></areas><areas><colorName>Black</colorName><fontFamily>Anton</fontFamily><Position><x>90</x><y>12</y></Position><name>Text Input 2</name><Dimensions><width>230</width><height>305</height></Dimensions><label>Custom Text 2</label><text/><fill>#000000</fill><customizationType>TextPrinting</customizationType></areas><areas><colorName>Black</colorName><fontFamily>Anton</fontFamily><Position><x>90</x><y>12</y></Position><name>Text Input 1</name><Dimensions><width>230</width><height>305</height></Dimensions><label>Custom Text 3</label><text/><fill>#000000</fill><customizationType>TextPrinting</customizationType></areas><areas><colorName>Black</colorName><fontFamily>Anton</fontFamily><Position><x>90</x><y>12</y></Position><name>Text Input 2</name><Dimensions><width>230</width><height>305</height></Dimensions><label>Custom Text 4</label><text/><fill>#000000</fill><customizationType>TextPrinting</customizationType></areas><areas><optionValue/><name>Add more Signs?</name><label>Add more signs?</label><customizationType>Options</customizationType></areas></surfaces></customizationInfo></version3.0><orderItemId>74549529565161</orderItemId><asin>B07X7KK9CH</asin><title>Personalize Custom Yard Sign 24&quot; x 18&quot;, Metal H-Stake Included</title><legacyOrderItemId>null</legacyOrderItemId></data>