<data><marketplaceId>ATVPDKIKX0DER</marketplaceId><quantity>1</quantity><orderId>113-3485777-5153012</orderId><merchantId>A2CD880XWTZB7</merchantId><customizationData><children><children><children><displayValue>White Landscape</displayValue><name>Landscape Sign Background Color</name><label>Landscape Sign Background Color</label><type>OptionCustomization</type><optionSelection><name>White Landscape</name><overlayImage><imageUrl>https://m.media-amazon.com/images/S/gestalt-seller-images-prod-us-east-1/ATVPDKIKX0DER/A2CD880XWTZB7/fb5d0f80-6a39-4114-a06a-e6c1eec5563c.jpg</imageUrl><dimension><width>400</width><height>400</height></dimension></overlayImage><label>White Landscape</label><thumbnailImage><imageUrl>https://m.media-amazon.com/images/S/gestalt-seller-images-prod-us-east-1/ATVPDKIKX0DER/A2CD880XWTZB7/a9a485f4-260b-4951-bfaf-e48e454317d5.jpg</imageUrl><dimension><width>400</width><height>400</height></dimension></thumbnailImage><additionalCost><amount>0</amount></additionalCost></optionSelection></children><children><children><image><imageName>38e9420c-fd64-413f-a3b7-e26659c28df5.jpg</imageName><buyerFilename>20230302_222741.jpg</buyerFilename></image><label>Image</label><type>ImageCustomization</type></children><name>Customization 1</name><position><x>25</x><y>32</y></position><type>PlacementContainerCustomization</type><dimension><width>353</width><height>265</height></dimension><buyerPlacement><scale><scaleX>0.4971830985915493</scaleX><scaleY>0.4971830985915493</scaleY></scale><position><x>25</x><y>52.63380281690141</y></position><dimension><width>710</width><height>450</height></dimension><angleOfRotation>0</angleOfRotation></buyerPlacement></children><children><children><label>Choose Font Type</label><type>FontCustomization</type><fontSelection><family>Anton</family></fontSelection></children><children><colorSelection><name>Black</name><colorModel>rgb</colorModel><value>#000000</value></colorSelection><label>Choose Font Color</label><type>ColorCustomization</type></children><children><children><children><inputValue/><label>Custom Text Input 1</label><type>TextCustomization</type></children><name>Customization 1</name><position><x>24</x><y>31</y></position><type>PlacementContainerCustomization</type><dimension><width>353</width><height>265</height></dimension></children><children><children><inputValue/><label>Custom Text Input 2</label><type>TextCustomization</type></children><name>Text Input 2</name><label>Text Input 2</label><position><x>24</x><y>31</y></position><type>PlacementContainerCustomization</type><dimension><width>353</width><height>264</height></dimension></children><type>ContainerCustomization</type></children><name>Text Input</name><type>ContainerCustomization</type></children><children><children><name/><label>Choose Font Type</label><type>FontCustomization</type><fontSelection><family>Anton</family></fontSelection></children><children><colorSelection><name>Black</name><colorModel>rgb</colorModel><value>#000000</value></colorSelection><name/><label>Choose Font Color</label><type>ColorCustomization</type></children><children><children><children><name/><inputValue/><label>Custom Text Input 3</label><type>TextCustomization</type></children><name>Text Input 1</name><label>Text Input 1</label><position><x>24</x><y>31</y></position><type>PlacementContainerCustomization</type><dimension><width>353</width><height>264</height></dimension></children><children><children><name/><inputValue/><label>Custom Text Input 4</label><type>TextCustomization</type></children><name>Text Input 2</name><label>Text Input 2</label><position><x>24</x><y>31</y></position><type>PlacementContainerCustomization</type><dimension><width>353</width><height>264</height></dimension></children><type>ContainerCustomization</type></children><name>Text 2</name><label>Text 2</label><type>ContainerCustomization</type></children><children><displayValue>null</displayValue><name>Add more Signs?</name><label>Add more signs?</label><type>OptionCustomization</type><optionSelection/></children><type>FlatContainerCustomization</type></children><svg>58abf2aa-70d2-57b0-2483-4d05de7c6daa.svg</svg><name>Landscape Sign</name><baseImage><imageUrl>https://m.media-amazon.com/images/S/gestalt-seller-images-prod-us-east-1/ATVPDKIKX0DER/A2CD880XWTZB7/76a584ad-57b5-4e20-b085-02eccbe51e66.jpg</imageUrl><dimension><width>400</width><height>400</height></dimension></baseImage><label>Landscape Sign</label><type>PreviewContainerCustomization</type><snapshot><imageName>8796e137-9690-a234-37fb-f8736edb798a.jpg</imageName><dimension><width>400</width><height>400</height></dimension></snapshot></children><children><children><children><displayValue>null</displayValue><name>Portrait Sign Background Color</name><label>Portrait Sign Background Color</label><type>OptionCustomization</type><optionSelection/></children><children><children><name/><label>Image Upload</label><type>ImageCustomization</type></children><name>Image 1</name><label>Image 1</label><position><x>90</x><y>12</y></position><type>PlacementContainerCustomization</type><dimension><width>230</width><height>305</height></dimension></children><children><children><name/><label>Choose Font Type</label><type>FontCustomization</type><fontSelection><family>Anton</family></fontSelection></children><children><colorSelection><name>Black</name><colorModel>rgb</colorModel><value>#000000</value></colorSelection><name/><label>Choose Font Color</label><type>ColorCustomization</type></children><children><children><children><name/><inputValue/><label>Custom Text 1</label><type>TextCustomization</type></children><name>Text Input 1</name><label>Text Input 1</label><position><x>90</x><y>12</y></position><type>PlacementContainerCustomization</type><dimension><width>230</width><height>305</height></dimension></children><children><children><name/><inputValue/><label>Custom Text 2</label><type>TextCustomization</type></children><name>Text Input 2</name><label>Text Input 2</label><position><x>90</x><y>12</y></position><type>PlacementContainerCustomization</type><dimension><width>230</width><height>305</height></dimension></children><type>ContainerCustomization</type></children><name>Text 1</name><label>Text 1</label><type>ContainerCustomization</type></children><children><children><name/><label>Choose Font Type</label><type>FontCustomization</type><fontSelection><family>Anton</family></fontSelection></children><children><colorSelection><name>Black</name><colorModel>rgb</colorModel><value>#000000</value></colorSelection><name/><label>Choose Font Color</label><type>ColorCustomization</type></children><children><children><children><name/><inputValue/><label>Custom Text 3</label><type>TextCustomization</type></children><name>Text Input 1</name><label>Text Input 1</label><position><x>90</x><y>12</y></position><type>PlacementContainerCustomization</type><dimension><width>230</width><height>305</height></dimension></children><children><children><name/><inputValue/><label>Custom Text 4</label><type>TextCustomization</type></children><name>Text Input 2</name><label>Text Input 2</label><position><x>90</x><y>12</y></position><type>PlacementContainerCustomization</type><dimension><width>230</width><height>305</height></dimension></children><type>ContainerCustomization</type></children><name>Text 2</name><label>Text 2</label><type>ContainerCustomization</type></children><children><displayValue>null</displayValue><name>Add more Signs?</name><label>Add more signs?</label><type>OptionCustomization</type><optionSelection/></children><type>FlatContainerCustomization</type></children><svg>e6bc371e-247a-2485-2f4b-382a8467c910.svg</svg><name>Portrait Sign</name><baseImage><imageUrl>https://m.media-amazon.com/images/S/gestalt-seller-images-prod-us-east-1/ATVPDKIKX0DER/A2CD880XWTZB7/373bbafb-c037-4c1f-b581-691d7e3defa9.jpg</imageUrl><dimension><width>400</width><height>400</height></dimension></baseImage><label>Portrait Sign</label><type>PreviewContainerCustomization</type><snapshot><imageName>aa92feca-2366-d15a-4add-472b1db958c7.jpg</imageName><dimension><width>400</width><height>400</height></dimension></snapshot></children><type>PageContainerCustomization</type></customizationData><version3.0><customizationInfo><surfaces><name>Landscape Sign</name><areas><optionValue>White Landscape</optionValue><name>Landscape Sign Background Color</name><priceDelta><value>0.0</value></priceDelta><label>Landscape Sign Background Color</label><customizationType>Options</customizationType><optionImage>https://m.media-amazon.com/images/S/gestalt-seller-images-prod-us-east-1/ATVPDKIKX0DER/A2CD880XWTZB7/fb5d0f80-6a39-4114-a06a-e6c1eec5563c.jpg</optionImage></areas><areas><Position><x>25</x><y>32</y></Position><svgImage>58abf2aa-70d2-57b0-2483-4d05de7c6daa.svg</svgImage><name>Customization 1</name><Dimensions><width>353</width><height>265</height></Dimensions><customizationType>ImagePrinting</customizationType></areas><areas><colorName>Black</colorName><fontFamily>Anton</fontFamily><Position><x>24</x><y>31</y></Position><name>Customization 1</name><Dimensions><width>353</width><height>265</height></Dimensions><label>Custom Text Input 1</label><text/><fill>#000000</fill><customizationType>TextPrinting</customizationType></areas><areas><colorName>Black</colorName><fontFamily>Anton</fontFamily><Position><x>24</x><y>31</y></Position><name>Text Input 2</name><Dimensions><width>353</width><height>264</height></Dimensions><label>Custom Text Input 2</label><text/><fill>#000000</fill><customizationType>TextPrinting</customizationType></areas><areas><colorName>Black</colorName><fontFamily>Anton</fontFamily><Position><x>24</x><y>31</y></Position><name>Text Input 1</name><Dimensions><width>353</width><height>264</height></Dimensions><label>Custom Text Input 3</label><text/><fill>#000000</fill><customizationType>TextPrinting</customizationType></areas><areas><colorName>Black</colorName><fontFamily>Anton</fontFamily><Position><x>24</x><y>31</y></Position><name>Text Input 2</name><Dimensions><width>353</width><height>264</height></Dimensions><label>Custom Text Input 4</label><text/><fill>#000000</fill><customizationType>TextPrinting</customizationType></areas><areas><optionValue/><name>Add more Signs?</name><label>Add more signs?</label><customizationType>Options</customizationType></areas></surfaces><surfaces><name>Portrait Sign</name><areas><optionValue/><name>Portrait Sign Background Color</name><label>Portrait Sign Background Color</label><customizationType>Options</customizationType></areas><areas><Position><x>90</x><y>12</y></Position><svgImage>e6bc371e-247a-2485-2f4b-382a8467c910.svg</svgImage><name>Image 1</name><Dimensions><width>230</width><height>305</height></Dimensions><customizationType>ImagePrinting</customizationType></areas><areas><colorName>Black</colorName><fontFamily>Anton</fontFamily><Position><x>90</x><y>12</y></Position><name>Text Input 1</name><Dimensions><width>230</width><height>305</height></Dimensions><label>Custom Text 1</label><text/><fill>#000000</fill><customizationType>TextPrinting</customizationType></areas><areas><colorName>Black</colorName><fontFamily>Anton</fontFamily><Position><x>90</x><y>12</y></Position><name>Text Input 2</name><Dimensions><width>230</width><height>305</height></Dimensions><label>Custom Text 2</label><text/><fill>#000000</fill><customizationType>TextPrinting</customizationType></areas><areas><colorName>Black</colorName><fontFamily>Anton</fontFamily><Position><x>90</x><y>12</y></Position><name>Text Input 1</name><Dimensions><width>230</width><height>305</height></Dimensions><label>Custom Text 3</label><text/><fill>#000000</fill><customizationType>TextPrinting</customizationType></areas><areas><colorName>Black</colorName><fontFamily>Anton</fontFamily><Position><x>90</x><y>12</y></Position><name>Text Input 2</name><Dimensions><width>230</width><height>305</height></Dimensions><label>Custom Text 4</label><text/><fill>#000000</fill><customizationType>TextPrinting</customizationType></areas><areas><optionValue/><name>Add more Signs?</name><label>Add more signs?</label><customizationType>Options</customizationType></areas></surfaces></customizationInfo></version3.0><orderItemId>74571146380281</orderItemId><asin>B07X7KK9CH</asin><title>Personalize Custom Yard Sign 24&quot; x 18&quot;, Metal H-Stake Included</title><legacyOrderItemId>null</legacyOrderItemId></data>